Assay,Species,Totalmm,F_length,R_length,P_length,F_GC,R_GC,P_GC,F_Tm,R_Tm,P_Tm,F5_GC,F4_GC,F3_GC,F2_GC,F1_GC,R5_GC,R4_GC,R3_GC,R2_GC,R1_GC,FRmm_total,FRmm_diff,FRmm_3p,FRmm_term,FRmm_AA,FRmm_AG,FRmm_AC,FRmm_TT,FRmm_TG,FRmm_TC,FRmm_GG,FRmm_CC,Pmm_AA,Pmm_AG,Pmm_AC,Pmm_TT,Pmm_TG,Pmm_TC,Pmm_GG,Pmm_CC,Pmm_total,Pmm_3p,Pmm_5p,Pmm_center,SYBR_results,SYBR_keep,TaqMan_results,TaqMan_keep
CID1,Acrocheilus alutaceus,8,25,21,20,48,57,45,58.5,58.4,69,1,0,0,1,0,0,1,1,0,1,7,0.714285714,3,1,1,0,2,1,2,1,0,0,0,0,1,0,0,0,0,0,1,0,1,0,NoAmp,TRUE,NoAmp,TRUE
CID1,Campostoma pullum,9,25,21,20,48,57,45,58.5,58.4,69,1,0,0,1,0,0,1,1,0,1,7,0.142857143,2,1,1,0,1,2,3,0,0,0,0,0,2,0,0,0,0,0,2,0,1,1,NoAmp,TRUE,NoAmp,TRUE
CID1,Carassius auratus,14,25,21,20,48,57,45,58.5,58.4,69,1,0,0,1,0,0,1,1,0,1,9,0.111111111,2,1,1,0,1,2,3,2,0,0,0,0,2,0,2,0,0,1,5,2,1,2,NoAmp,TRUE,NoAmp,TRUE
CID1,Chrosomus erythrogaster,10,25,21,20,48,57,45,58.5,58.4,69,1,0,0,1,0,0,1,1,0,1,7,0.428571429,4,1,0,0,2,2,3,0,0,0,1,1,0,0,1,0,0,0,3,0,0,3,NoAmp,TRUE,NoAmp,TRUE
CID1,Chrosomus saylori,12,25,21,20,48,57,45,58.5,58.4,69,1,0,0,1,0,0,1,1,0,1,9,0.111111111,4,1,0,0,3,2,4,0,0,0,0,0,2,0,1,0,0,0,3,1,0,2,NoAmp,TRUE,NoAmp,TRUE
CID1,Ctenopharyngodon idella,0,25,21,20,48,57,45,58.5,58.4,69,1,0,0,1,0,0,1,1,0,1,0,0,0,0,0,0,0,0,0,0,0,0,0,0,0,0,0,0,0,0,0,0,0,0,Amp,TRUE,Amp,TRUE
CID1,Cyprinella proserpina,14,25,21,20,48,57,45,58.5,58.4,69,1,0,0,1,0,0,1,1,0,1,10,0.2,4,1,0,0,3,2,5,0,0,0,0,0,3,0,1,0,0,0,4,1,1,2,NoAmp,TRUE,NoAmp,TRUE
CID1,Cyprinus carpio,12,25,21,20,48,57,45,58.5,58.4,69,1,0,0,1,0,0,1,1,0,1,8,0.25,3,1,0,0,2,3,2,1,0,0,0,1,2,0,1,0,0,0,4,1,1,2,NoAmp,TRUE,NoAmp,TRUE
CID1,Gila nigrescens,8,25,21,20,48,57,45,58.5,58.4,69,1,0,0,1,0,0,1,1,0,1,7,0.428571429,3,1,1,0,1,1,3,1,0,0,0,0,1,0,0,0,0,0,1,0,0,1,NoAmp,TRUE,NoAmp,TRUE
CID1,Hesperoleucus symmetricus,11,25,21,20,48,57,45,58.5,58.4,69,1,0,0,1,0,0,1,1,0,1,10,0.4,3,1,1,0,3,1,3,2,0,0,0,0,1,0,0,0,0,0,1,0,1,0,NoAmp,TRUE,NoAmp,TRUE
CID1,Hybognathus hayi,11,25,21,20,48,57,45,58.5,58.4,69,1,0,0,1,0,0,1,1,0,1,8,0,3,1,0,0,2,3,3,0,0,0,0,0,1,0,1,1,0,0,3,0,1,2,NoAmp,TRUE,NoAmp,TRUE
CID1,Hybognathus placitus,9,25,21,20,48,57,45,58.5,58.4,69,1,0,0,1,0,0,1,1,0,1,5,0.2,2,1,0,0,1,3,1,0,0,0,1,0,1,0,1,1,0,0,4,0,1,3,NoAmp,TRUE,NoAmp,TRUE
CID1,Hybognathus regius,11,25,21,20,48,57,45,58.5,58.4,69,1,0,0,1,0,0,1,1,0,1,7,0.142857143,3,1,0,0,1,3,3,0,0,0,0,0,3,0,1,0,0,0,4,0,2,2,NoAmp,TRUE,NoAmp,TRUE
CID1,Luxilus cardinalis,13,25,21,20,48,57,45,58.5,58.4,69,1,0,0,1,0,0,1,1,0,1,9,0.333333333,2,1,0,0,2,2,4,1,0,0,0,0,2,0,1,1,0,0,4,0,2,2,NoAmp,TRUE,NoAmp,TRUE
CID1,Luxilus coccogenis,8,25,21,20,48,57,45,58.5,58.4,69,1,0,0,1,0,0,1,1,0,1,6,0,3,1,0,0,1,2,1,2,0,0,0,0,1,0,0,1,0,0,2,0,1,1,NoAmp,TRUE,NoAmp,TRUE
CID1,Lythrurus atrapiculus,10,25,21,20,48,57,45,58.5,58.4,69,1,0,0,1,0,0,1,1,0,1,7,0.428571429,3,1,0,0,0,3,4,0,0,0,0,0,2,0,1,0,0,0,3,0,0,3,Amp,TRUE,NoAmp,TRUE
CID1,Lythrurus bellus,7,25,21,20,48,57,45,58.5,58.4,69,1,0,0,1,0,0,1,1,0,1,6,0.666666667,2,1,0,0,0,2,3,1,0,0,0,0,0,0,1,0,0,0,1,0,0,1,NoAmp,TRUE,NoAmp,TRUE
CID1,Mylopharyngodon piceus,6,25,21,20,48,57,45,58.5,58.4,69,1,0,0,1,0,0,1,1,0,1,5,0.6,1,0,0,0,1,1,3,0,0,0,0,0,0,0,1,0,0,0,1,0,0,1,Amp,TRUE,Amp,TRUE
CID1,Nocomis platyrhynchus,10,25,21,20,48,57,45,58.5,58.4,69,1,0,0,1,0,0,1,1,0,1,8,0.5,2,1,0,0,1,2,3,2,0,0,0,0,1,0,0,1,0,0,2,0,1,1,NoAmp,TRUE,NoAmp,TRUE
CID1,Notropis atherinoides,11,25,21,20,48,57,45,58.5,58.4,69,1,0,0,1,0,0,1,1,0,1,8,0,4,1,0,0,2,3,3,0,0,0,0,0,1,0,1,0,0,1,3,1,1,1,NoAmp,TRUE,NoAmp,TRUE
CID1,Notropis bifrenatus,9,25,21,20,48,57,45,58.5,58.4,69,1,0,0,1,0,0,1,1,0,1,7,0.142857143,3,1,0,0,3,2,1,1,0,0,0,0,1,0,0,1,0,0,2,0,1,1,NoAmp,TRUE,NoAmp,TRUE
CID1,Notropis buchanani,7,25,21,20,48,57,45,58.5,58.4,69,1,0,0,1,0,0,1,1,0,1,5,0.2,3,1,0,0,0,3,2,0,0,0,0,0,0,0,1,1,0,0,2,0,1,1,NoAmp,TRUE,NoAmp,TRUE
CID1,Notropis jemezanus,10,25,21,20,48,57,45,58.5,58.4,69,1,0,0,1,0,0,1,1,0,1,6,0,3,1,0,0,1,1,3,1,0,0,0,1,1,0,1,1,0,0,4,0,2,2,Amp,TRUE,NoAmp,TRUE
CID1,Notropis mekistocholas,11,25,21,20,48,57,45,58.5,58.4,69,1,0,0,1,0,0,1,1,0,1,8,0,3,0,0,0,4,2,2,0,0,0,0,0,1,0,1,1,0,0,3,0,1,2,Amp,TRUE,NoAmp,TRUE
CID1,Notropis perpallidus,10,25,21,20,48,57,45,58.5,58.4,69,1,0,0,1,0,0,1,1,0,1,7,0.428571429,3,1,0,0,2,2,2,0,0,1,0,0,1,0,1,1,0,0,3,0,2,1,NoAmp,TRUE,NoAmp,TRUE
CID1,Notropis topeka,12,25,21,20,48,57,45,58.5,58.4,69,1,0,0,1,0,0,1,1,0,1,9,0.111111111,4,1,0,0,2,3,3,1,0,0,0,0,1,0,1,1,0,0,3,0,1,2,NoAmp,TRUE,NoAmp,TRUE
CID1,Ptychocheilus oregonensis,7,25,21,20,48,57,45,58.5,58.4,69,1,0,0,1,0,0,1,1,0,1,6,0.666666667,2,1,1,0,1,1,2,1,0,0,0,0,1,0,0,0,0,0,1,0,1,0,NoAmp,TRUE,NoAmp,TRUE
CID1,Rhinichthys atratulus,13,25,21,20,48,57,45,58.5,58.4,69,1,0,0,1,0,0,1,1,0,1,9,0.111111111,3,1,0,0,2,2,3,2,0,0,0,0,2,0,1,1,0,0,4,1,1,2,NoAmp,TRUE,NoAmp,TRUE
CID1,Rhinichthys obtusus,10,25,21,20,48,57,45,58.5,58.4,69,1,0,0,1,0,0,1,1,0,1,7,0.142857143,3,1,0,0,1,2,2,2,0,0,0,0,2,0,1,0,0,0,3,1,1,1,NoAmp,TRUE,NoAmp,TRUE
CID1,Semotilus thoreauianus,9,25,21,20,48,57,45,58.5,58.4,69,1,0,0,1,0,0,1,1,0,1,8,0,3,1,0,0,2,0,3,2,0,1,0,0,1,0,0,0,0,0,1,0,1,0,NoAmp,TRUE,NoAmp,TRUE
CID1,Siphateles alvordensis,10,25,21,20,48,57,45,58.5,58.4,69,1,0,0,1,0,0,1,1,0,1,7,0.714285714,2,1,1,0,1,1,3,1,0,0,0,0,2,0,1,0,0,0,3,0,0,3,NoAmp,TRUE,NoAmp,TRUE
CID1,Tinca tinca,11,25,21,20,48,57,45,58.5,58.4,69,1,0,0,1,0,0,1,1,0,1,8,0.25,3,1,0,0,2,2,4,0,0,0,1,0,2,0,0,0,0,0,3,0,2,1,NoAmp,TRUE,NoAmp,TRUE
CID2,Acrocheilus alutaceus,5,25,19,17,36,63,47,59.6,59,70,1,0,0,1,0,1,1,1,0,1,4,0,1,0,0,1,2,0,1,0,0,0,0,0,0,1,0,0,0,0,1,1,0,0,NoAmp,TRUE,NoAmp,TRUE
CID2,Bouchardina robisoni,13,25,19,17,36,63,47,59.6,59,70,1,0,0,1,0,1,1,1,0,1,9,0.111111111,3,0,2,0,3,1,3,0,0,0,1,0,2,0,1,0,0,0,4,1,1,2,NoAmp,TRUE,NoAmp,TRUE
CID2,Cambarus deweesae,9,25,19,17,36,63,47,59.6,59,70,1,0,0,1,0,1,1,1,0,1,7,0.142857143,3,0,1,0,3,0,2,0,1,0,2,0,0,0,0,0,0,0,2,0,1,1,NoAmp,TRUE,NoAmp,TRUE
CID2,Cambarus miltus,11,25,19,17,36,63,47,59.6,59,70,1,0,0,1,0,1,1,1,0,1,8,0.25,2,0,2,1,3,0,2,0,0,0,0,0,1,0,1,1,0,0,3,2,1,0,NoAmp,TRUE,NoAmp,TRUE
CID2,Cambarus unestami,12,25,19,17,36,63,47,59.6,59,70,1,0,0,1,0,1,1,1,0,1,9,0.111111111,3,0,2,1,3,1,1,1,0,0,2,0,0,0,0,1,0,0,3,1,1,1,NoAmp,TRUE,NoAmp,TRUE
CID2,Campostoma pullum,4,25,19,17,36,63,47,59.6,59,70,1,0,0,1,0,1,1,1,0,1,1,1,0,0,0,1,0,0,0,0,0,0,1,0,0,0,2,0,0,0,3,1,1,1,Amp,TRUE,NoAmp,TRUE
CID2,Carassius auratus,7,25,19,17,36,63,47,59.6,59,70,1,0,0,1,0,1,1,1,0,1,3,0.333333333,1,0,0,1,2,0,0,0,0,0,0,1,1,1,1,0,0,0,4,1,2,1,Amp,TRUE,NoAmp,TRUE
CID2,Chrosomus erythrogaster,9,25,19,17,36,63,47,59.6,59,70,1,0,0,1,0,1,1,1,0,1,8,0,2,0,0,2,4,0,2,0,0,0,0,0,0,1,0,0,0,0,1,1,0,0,NoAmp,TRUE,NoAmp,TRUE
CID2,Chrosomus saylori,9,25,19,17,36,63,47,59.6,59,70,1,0,0,1,0,1,1,1,0,1,7,0.142857143,3,0,0,0,3,0,4,0,0,0,0,0,1,0,1,0,0,0,2,1,1,0,NoAmp,TRUE,NoAmp,TRUE
CID2,Ctenopharyngodon idella,0,25,19,17,36,63,47,59.6,59,70,1,0,0,1,0,1,1,1,0,1,0,0,0,0,0,0,0,0,0,0,0,0,0,0,0,0,0,0,0,0,0,0,0,0,Amp,TRUE,Amp,TRUE
CID2,Cyprinella proserpina,7,25,19,17,36,63,47,59.6,59,70,1,0,0,1,0,1,1,1,0,1,3,0.333333333,0,0,0,1,2,0,0,0,0,0,1,0,1,1,1,0,0,0,4,2,1,1,Amp,TRUE,NoAmp,TRUE
CID2,Cyprinus carpio,5,25,19,17,36,63,47,59.6,59,70,1,0,0,1,0,1,1,1,0,1,2,0,1,0,0,1,1,0,0,0,0,0,0,1,0,1,1,0,0,0,3,1,1,1,Amp,TRUE,NoAmp,TRUE
CID2,Fallicambarus kountzeae,12,25,19,17,36,63,47,59.6,59,70,1,0,0,1,0,1,1,1,0,1,9,0.333333333,2,0,3,1,3,0,2,0,0,0,1,0,2,0,0,0,0,0,3,1,1,1,NoAmp,TRUE,NoAmp,TRUE
CID2,Fallicambarus wallsi,10,25,19,17,36,63,47,59.6,59,70,1,0,0,1,0,1,1,1,0,1,8,0.5,3,0,3,1,3,0,1,0,0,0,1,0,1,0,0,0,0,0,2,0,1,1,NoAmp,TRUE,NoAmp,TRUE
CID2,Faxonella blairi,10,25,19,17,36,63,47,59.6,59,70,1,0,0,1,0,1,1,1,0,1,8,0.5,3,0,3,0,3,0,2,0,0,0,1,0,0,0,1,0,0,0,2,0,1,1,NoAmp,TRUE,NoAmp,TRUE
CID2,Faxonius durelli,13,25,19,17,36,63,47,59.6,59,70,1,0,0,1,0,1,1,1,0,1,12,0.166666667,3,0,3,1,4,2,2,0,0,0,0,0,0,1,0,0,0,0,1,1,0,0,NoAmp,TRUE,NoAmp,TRUE
CID2,Faxonius forceps,13,25,19,17,36,63,47,59.6,59,70,1,0,0,1,0,1,1,1,0,1,11,0.090909091,3,0,4,1,3,0,2,0,1,0,0,0,1,1,0,0,0,0,2,1,0,1,NoAmp,TRUE,NoAmp,TRUE
CID2,Faxonius limosus,14,25,19,17,36,63,47,59.6,59,70,1,0,0,1,0,1,1,1,0,1,11,0.272727273,3,0,2,1,5,0,3,0,0,0,0,0,1,0,1,1,0,0,3,2,1,0,NoAmp,TRUE,NoAmp,TRUE
CID2,Faxonius peruncus,14,25,19,17,36,63,47,59.6,59,70,1,0,0,1,0,1,1,1,0,1,11,0.272727273,3,0,3,1,4,0,3,0,0,0,0,0,1,0,1,1,0,0,3,1,2,0,NoAmp,TRUE,NoAmp,TRUE
CID2,Faxonius placidus,13,25,19,17,36,63,47,59.6,59,70,1,0,0,1,0,1,1,1,0,1,11,0.272727273,3,0,3,1,4,0,3,0,0,0,0,0,1,1,0,0,0,0,2,1,1,0,NoAmp,TRUE,NoAmp,TRUE
CID2,Faxonius quadruncus,14,25,19,17,36,63,47,59.6,59,70,1,0,0,1,0,1,1,1,0,1,11,0.272727273,3,0,3,1,4,0,3,0,0,0,0,0,1,0,1,1,0,0,3,1,2,0,NoAmp,TRUE,NoAmp,TRUE
CID2,Gila nigrescens,6,25,19,17,36,63,47,59.6,59,70,1,0,0,1,0,1,1,1,0,1,4,0.5,1,0,0,1,1,0,2,0,0,0,0,0,1,1,0,0,0,0,2,2,0,0,Amp,TRUE,NoAmp,TRUE
CID2,Hesperoleucus symmetricus,4,25,19,17,36,63,47,59.6,59,70,1,0,0,1,0,1,1,1,0,1,2,0,1,0,0,1,1,0,0,0,0,0,0,0,0,1,1,0,0,0,2,1,1,0,Amp,TRUE,NoAmp,TRUE
CID2,Hobbseus valleculus,13,25,19,17,36,63,47,59.6,59,70,1,0,0,1,0,1,1,1,0,1,9,0.111111111,3,0,1,1,3,1,3,0,0,0,2,0,1,0,1,0,0,0,4,1,2,1,NoAmp,TRUE,NoAmp,TRUE
CID2,Hybognathus hayi,4,25,19,17,36,63,47,59.6,59,70,1,0,0,1,0,1,1,1,0,1,1,1,0,0,0,1,0,0,0,0,0,0,1,0,1,0,1,0,0,0,3,0,1,2,Amp,TRUE,NoAmp,TRUE
CID2,Hybognathus placitus,8,25,19,17,36,63,47,59.6,59,70,1,0,0,1,0,1,1,1,0,1,6,0.333333333,2,0,0,1,4,0,1,0,0,0,1,0,0,0,1,0,0,0,2,0,1,1,NoAmp,TRUE,NoAmp,TRUE
CID2,Hybognathus regius,6,25,19,17,36,63,47,59.6,59,70,1,0,0,1,0,1,1,1,0,1,3,1,1,0,0,1,0,0,2,0,0,0,1,0,0,0,2,0,0,0,3,1,1,1,Amp,TRUE,NoAmp,TRUE
CID2,Luxilus cardinalis,6,25,19,17,36,63,47,59.6,59,70,1,0,0,1,0,1,1,1,0,1,2,0,0,0,0,1,1,0,0,0,0,0,1,0,2,0,1,0,0,0,4,1,2,1,Amp,TRUE,NoAmp,TRUE
CID2,Luxilus coccogenis,5,25,19,17,36,63,47,59.6,59,70,1,0,0,1,0,1,1,1,0,1,3,1,0,0,0,1,0,0,2,0,0,0,1,0,0,0,1,0,0,0,2,0,1,1,Amp,TRUE,NoAmp,TRUE
CID2,Lythrurus atrapiculus,4,25,19,17,36,63,47,59.6,59,70,1,0,0,1,0,1,1,1,0,1,3,0.333333333,1,0,0,1,2,0,0,0,0,0,1,0,0,0,0,0,0,0,1,0,0,1,Amp,TRUE,NoAmp,TRUE
CID2,Lythrurus bellus,5,25,19,17,36,63,47,59.6,59,70,1,0,0,1,0,1,1,1,0,1,4,0.5,1,0,0,1,3,0,0,0,0,0,1,0,0,0,0,0,0,0,1,0,0,1,Amp,TRUE,Amp,TRUE
CID2,Mylopharyngodon piceus,5,25,19,17,36,63,47,59.6,59,70,1,0,0,1,0,1,1,1,0,1,4,0.5,1,0,0,1,2,0,1,0,0,0,0,0,0,0,1,0,0,0,1,1,0,0,Amp,TRUE,NoAmp,TRUE
CID2,Nocomis platyrhynchus,7,25,19,17,36,63,47,59.6,59,70,1,0,0,1,0,1,1,1,0,1,3,0.333333333,1,0,0,1,1,0,1,0,0,0,0,2,1,1,0,0,0,0,4,2,1,1,Amp,TRUE,NoAmp,TRUE
CID2,Notropis atherinoides,7,25,19,17,36,63,47,59.6,59,70,1,0,0,1,0,1,1,1,0,1,4,0,1,0,1,1,1,0,1,0,0,0,1,0,0,0,2,0,0,0,3,1,1,1,Amp,TRUE,NoAmp,TRUE
CID2,Notropis bifrenatus,6,25,19,17,36,63,47,59.6,59,70,1,0,0,1,0,1,1,1,0,1,2,1,1,0,0,1,0,0,1,0,0,0,0,1,1,0,2,0,0,0,4,2,1,1,Amp,TRUE,NoAmp,TRUE
CID2,Notropis buchanani,4,25,19,17,36,63,47,59.6,59,70,1,0,0,1,0,1,1,1,0,1,3,0.333333333,0,0,0,1,1,0,1,0,0,0,1,0,0,0,0,0,0,0,1,0,0,1,Amp,TRUE,Amp,TRUE
CID2,Notropis jemezanus,6,25,19,17,36,63,47,59.6,59,70,1,0,0,1,0,1,1,1,0,1,3,0.333333333,2,0,0,1,1,0,1,0,0,0,0,1,1,0,1,0,0,0,3,1,1,1,Amp,TRUE,NoAmp,TRUE
CID2,Notropis mekistocholas,8,25,19,17,36,63,47,59.6,59,70,1,0,0,1,0,1,1,1,0,1,6,0.333333333,2,0,0,1,4,0,1,0,0,0,1,0,0,0,1,0,0,0,2,0,1,1,NoAmp,TRUE,NoAmp,TRUE
CID2,Notropis perpallidus,5,25,19,17,36,63,47,59.6,59,70,1,0,0,1,0,1,1,1,0,1,3,0.333333333,1,0,0,1,1,0,1,0,0,0,0,0,0,0,1,0,1,0,2,1,1,0,Amp,TRUE,NoAmp,TRUE
CID2,Notropis topeka,9,25,19,17,36,63,47,59.6,59,70,1,0,0,1,0,1,1,1,0,1,6,0.333333333,1,0,0,0,2,0,4,0,0,0,1,1,1,0,0,0,0,0,3,1,1,1,NoAmp,TRUE,NoAmp,TRUE
CID2,Orconectes incomptus,12,25,19,17,36,63,47,59.6,59,70,1,0,0,1,0,1,1,1,0,1,9,0.111111111,3,0,1,0,3,1,3,0,1,0,1,0,1,0,0,1,0,0,3,2,0,1,NoAmp,TRUE,NoAmp,TRUE
CID2,Procambarus acherontis,12,25,19,17,36,63,47,59.6,59,70,1,0,0,1,0,1,1,1,0,1,9,0.333333333,3,0,2,0,4,0,3,0,0,0,2,0,1,0,0,0,0,0,3,1,1,1,NoAmp,TRUE,NoAmp,TRUE
CID2,Procambarus ancylus,13,25,19,17,36,63,47,59.6,59,70,1,0,0,1,0,1,1,1,0,1,9,0.333333333,3,0,2,0,4,0,3,0,0,0,2,0,1,0,1,0,0,0,4,1,2,1,NoAmp,TRUE,NoAmp,TRUE
CID2,Procambarus bivittatus,13,25,19,17,36,63,47,59.6,59,70,1,0,0,1,0,1,1,1,0,1,10,0.2,3,0,2,0,4,0,4,0,0,0,1,0,1,0,1,0,0,0,3,1,1,1,NoAmp,TRUE,NoAmp,TRUE
CID2,Procambarus howellae,12,25,19,17,36,63,47,59.6,59,70,1,0,0,1,0,1,1,1,0,1,9,0.333333333,3,0,2,1,4,0,2,0,0,0,2,0,1,0,0,0,0,0,3,1,1,1,NoAmp,TRUE,NoAmp,TRUE
CID2,Procambarus leonensis,12,25,19,17,36,63,47,59.6,59,70,1,0,0,1,0,1,1,1,0,1,8,0.5,3,0,2,0,4,0,2,0,0,0,2,0,1,0,1,0,0,0,4,2,1,1,NoAmp,TRUE,NoAmp,TRUE
CID2,Procambarus paeninsulanus,12,25,19,17,36,63,47,59.6,59,70,1,0,0,1,0,1,1,1,0,1,10,0.2,3,0,2,1,4,0,3,0,0,0,2,0,0,0,0,0,0,0,2,0,1,1,NoAmp,TRUE,NoAmp,TRUE
CID2,Procambarus pubischelae,14,25,19,17,36,63,47,59.6,59,70,1,0,0,1,0,1,1,1,0,1,11,0.090909091,3,0,2,0,3,2,4,0,0,0,1,0,1,0,1,0,0,0,3,1,1,1,NoAmp,TRUE,NoAmp,TRUE
CID2,Procambarus rogersi,10,25,19,17,36,63,47,59.6,59,70,1,0,0,1,0,1,1,1,0,1,8,0.5,2,0,2,0,4,0,2,0,0,0,1,0,1,0,0,0,0,0,2,1,0,1,NoAmp,TRUE,NoAmp,TRUE
CID2,Procambarus simulans,11,25,19,17,36,63,47,59.6,59,70,1,0,0,1,0,1,1,1,0,1,8,0,3,0,2,0,2,1,3,0,0,0,1,0,1,0,1,0,0,0,3,1,1,1,NoAmp,TRUE,NoAmp,TRUE
CID2,Procambarus versutus,12,25,19,17,36,63,47,59.6,59,70,1,0,0,1,0,1,1,1,0,1,8,0.5,2,0,1,1,4,0,2,0,0,0,2,0,1,0,1,0,0,0,4,2,1,1,NoAmp,TRUE,NoAmp,TRUE
CID2,Procambarus viaeviridis,13,25,19,17,36,63,47,59.6,59,70,1,0,0,1,0,1,1,1,0,1,10,0.4,3,0,1,2,5,0,2,0,0,0,1,1,1,0,0,0,0,0,3,1,1,1,NoAmp,TRUE,NoAmp,TRUE
CID2,Ptychocheilus oregonensis,8,25,19,17,36,63,47,59.6,59,70,1,0,0,1,0,1,1,1,0,1,5,0.2,1,0,0,1,2,0,2,0,0,0,0,0,2,1,0,0,0,0,3,2,1,0,NoAmp,TRUE,NoAmp,TRUE
CID2,Rhinichthys atratulus,9,25,19,17,36,63,47,59.6,59,70,1,0,0,1,0,1,1,1,0,1,5,0.6,2,0,0,1,4,0,0,0,0,0,1,0,1,1,1,0,0,0,4,1,1,2,NoAmp,TRUE,NoAmp,TRUE
CID2,Rhinichthys obtusus,7,25,19,17,36,63,47,59.6,59,70,1,0,0,1,0,1,1,1,0,1,5,0.6,2,0,0,1,4,0,0,0,0,0,1,0,0,1,0,0,0,0,2,1,0,1,NoAmp,TRUE,NoAmp,TRUE
CID2,Semotilus thoreauianus,11,25,19,17,36,63,47,59.6,59,70,1,0,0,1,0,1,1,1,0,1,8,0,3,0,0,2,3,0,2,1,0,0,0,1,0,0,1,0,1,0,3,1,2,0,NoAmp,TRUE,NoAmp,TRUE
CID2,Siphateles alvordensis,9,25,19,17,36,63,47,59.6,59,70,1,0,0,1,0,1,1,1,0,1,8,0,2,0,0,2,3,1,2,0,0,0,0,0,0,1,0,0,0,0,1,1,0,0,Amp,TRUE,NoAmp,TRUE
CID2,Tinca tinca,6,25,19,17,36,63,47,59.6,59,70,1,0,0,1,0,1,1,1,0,1,4,0,2,0,0,1,2,0,0,1,0,0,0,0,2,0,0,0,0,0,2,0,1,1,Amp,TRUE,NoAmp,TRUE
FVR1,Bouchardina robisoni,10,27,23,20,44,48,45,58.6,58.3,70,0,0,1,1,0,0,0,0,1,1,6,0.666666667,2,0,2,0,2,0,0,2,0,0,1,1,2,0,0,0,0,0,4,1,1,2,Amp,TRUE,NoAmp,TRUE
FVR1,Cambarus deweesae,12,27,23,20,44,48,45,58.6,58.3,70,0,0,1,1,0,0,0,0,1,1,8,0,1,0,1,0,4,0,1,2,0,0,1,1,1,0,1,0,0,0,4,1,0,3,NoAmp,TRUE,NoAmp,TRUE
FVR1,Cambarus miltus,8,27,23,20,44,48,45,58.6,58.3,70,0,0,1,1,0,0,0,0,1,1,7,0.142857143,2,0,0,0,4,0,1,1,0,1,0,0,1,0,0,0,0,0,1,1,0,0,NoAmp,TRUE,NoAmp,TRUE
FVR1,Cambarus unestami,11,27,23,20,44,48,45,58.6,58.3,70,0,0,1,1,0,0,0,0,1,1,7,0.142857143,2,0,1,0,3,0,1,2,0,0,1,0,1,0,2,0,0,0,4,2,0,2,NoAmp,TRUE,NoAmp,TRUE
FVR1,Creaserinus byersi,8,27,23,20,44,48,45,58.6,58.3,70,0,0,1,1,0,0,0,0,1,1,5,0.2,4,1,1,0,2,1,0,1,0,0,0,0,3,0,0,0,0,0,3,1,1,1,NoAmp,TRUE,NoAmp,TRUE
FVR1,Fallicambarus kountzeae,9,27,23,20,44,48,45,58.6,58.3,70,0,0,1,1,0,0,0,0,1,1,6,0,3,1,1,0,1,1,0,1,0,2,1,1,1,0,0,0,0,0,3,1,0,2,NoAmp,TRUE,NoAmp,TRUE
FVR1,Fallicambarus wallsi,10,27,23,20,44,48,45,58.6,58.3,70,0,0,1,1,0,0,0,0,1,1,6,0.666666667,2,0,3,0,1,0,0,2,0,0,1,1,1,0,1,0,0,0,4,1,0,3,NoAmp,TRUE,NoAmp,TRUE
FVR1,Faxonella blairi,12,27,23,20,44,48,45,58.6,58.3,70,0,0,1,1,0,0,0,0,1,1,8,0.25,2,0,3,0,2,0,0,3,0,0,1,1,1,0,1,0,0,0,4,1,0,3,NoAmp,TRUE,NoAmp,TRUE
FVR1,Faxonius durelli,8,27,23,20,44,48,45,58.6,58.3,70,0,0,1,1,0,0,0,0,1,1,6,0.666666667,2,1,1,0,2,1,0,2,0,0,0,0,0,0,2,0,0,0,2,0,0,2,NoAmp,TRUE,NoAmp,TRUE
FVR1,Faxonius forceps,10,27,23,20,44,48,45,58.6,58.3,70,0,0,1,1,0,0,0,0,1,1,7,0.142857143,2,0,1,0,3,1,0,2,0,0,0,0,1,0,2,0,0,0,3,0,1,2,NoAmp,TRUE,NoAmp,TRUE
FVR1,Faxonius limosus,6,27,23,20,44,48,45,58.6,58.3,70,0,0,1,1,0,0,0,0,1,1,6,0.333333333,3,1,1,0,1,0,1,3,0,0,0,0,0,0,0,0,0,0,0,0,0,0,NoAmp,TRUE,NoAmp,TRUE
FVR1,Faxonius peruncus,6,27,23,20,44,48,45,58.6,58.3,70,0,0,1,1,0,0,0,0,1,1,5,0.2,2,0,1,0,3,0,0,1,0,0,0,0,0,0,1,0,0,0,1,0,0,1,Amp,TRUE,NoAmp,TRUE
FVR1,Faxonius placidus,7,27,23,20,44,48,45,58.6,58.3,70,0,0,1,1,0,0,0,0,1,1,5,0.2,2,0,1,0,3,0,0,1,0,0,0,0,0,0,2,0,0,0,2,0,0,2,Amp,TRUE,NoAmp,TRUE
FVR1,Faxonius quadruncus,5,27,23,20,44,48,45,58.6,58.3,70,0,0,1,1,0,0,0,0,1,1,4,0,1,0,1,0,2,0,0,1,0,0,0,0,0,0,1,0,0,0,1,0,0,1,Amp,TRUE,NoAmp,TRUE
FVR1,Faxonius virilis,0,27,23,20,44,48,45,58.6,58.3,70,0,0,1,1,0,0,0,0,1,1,0,0,0,0,0,0,0,0,0,0,0,0,0,0,0,0,0,0,0,0,0,0,0,0,Amp,TRUE,Amp,TRUE
FVR1,Hobbseus valleculus,9,27,23,20,44,48,45,58.6,58.3,70,0,0,1,1,0,0,0,0,1,1,6,0,2,0,0,1,1,0,0,4,0,0,1,1,1,0,0,0,0,0,3,1,0,2,NoAmp,TRUE,NoAmp,TRUE
FVR1,Orconectes incomptus,8,27,23,20,44,48,45,58.6,58.3,70,0,0,1,1,0,0,0,0,1,1,7,0.428571429,2,0,1,0,3,0,1,2,0,0,1,0,0,0,0,0,0,0,1,0,0,1,NoAmp,TRUE,NoAmp,TRUE
FVR1,Procambarus acherontis,12,27,23,20,44,48,45,58.6,58.3,70,0,0,1,1,0,0,0,0,1,1,9,0.555555556,3,1,1,1,4,1,0,2,0,0,1,1,1,0,0,0,0,0,3,1,0,2,NoAmp,TRUE,NoAmp,TRUE
FVR1,Procambarus ancylus,11,27,23,20,44,48,45,58.6,58.3,70,0,0,1,1,0,0,0,0,1,1,8,0.5,2,1,2,0,3,1,1,1,0,0,1,1,1,0,0,0,0,0,3,1,0,2,NoAmp,TRUE,NoAmp,TRUE
FVR1,Procambarus bivittatus,12,27,23,20,44,48,45,58.6,58.3,70,0,0,1,1,0,0,0,0,1,1,9,0.333333333,4,1,2,0,3,1,1,2,0,0,1,1,1,0,0,0,0,0,3,1,0,2,NoAmp,TRUE,NoAmp,TRUE
FVR1,Procambarus howellae,14,27,23,20,44,48,45,58.6,58.3,70,0,0,1,1,0,0,0,0,1,1,10,0.2,3,1,2,0,5,1,0,2,0,0,1,1,1,1,0,0,0,0,4,1,0,3,NoAmp,TRUE,NoAmp,TRUE
FVR1,Procambarus leonensis,11,27,23,20,44,48,45,58.6,58.3,70,0,0,1,1,0,0,0,0,1,1,8,0.5,3,1,1,1,3,1,0,2,0,0,1,0,1,0,0,0,1,0,3,1,0,2,NoAmp,TRUE,NoAmp,TRUE
FVR1,Procambarus litosternum,14,27,23,20,44,48,45,58.6,58.3,70,0,0,1,1,0,0,0,0,1,1,9,0.555555556,3,1,2,0,4,1,1,1,0,0,1,0,2,0,1,0,1,0,5,1,1,3,NoAmp,TRUE,NoAmp,TRUE
FVR1,Procambarus paeninsulanus,15,27,23,20,44,48,45,58.6,58.3,70,0,0,1,1,0,0,0,0,1,1,10,0.4,3,1,2,0,5,1,0,2,0,0,1,1,1,1,1,0,0,0,5,1,0,4,NoAmp,TRUE,NoAmp,TRUE
FVR1,Procambarus pubischelae,11,27,23,20,44,48,45,58.6,58.3,70,0,0,1,1,0,0,0,0,1,1,8,0,2,0,1,0,5,0,0,2,0,0,1,1,1,0,0,0,0,0,3,1,0,2,NoAmp,TRUE,NoAmp,TRUE
FVR1,Procambarus rogersi,10,27,23,20,44,48,45,58.6,58.3,70,0,0,1,1,0,0,0,0,1,1,7,0.428571429,3,1,1,0,3,1,0,2,0,0,1,1,1,0,0,0,0,0,3,1,0,2,NoAmp,TRUE,NoAmp,TRUE
FVR1,Procambarus simulans,10,27,23,20,44,48,45,58.6,58.3,70,0,0,1,1,0,0,0,0,1,1,7,0.142857143,2,1,0,0,3,1,0,3,0,0,1,1,1,0,0,0,0,0,3,1,0,2,NoAmp,TRUE,NoAmp,TRUE
FVR1,Procambarus versutus,11,27,23,20,44,48,45,58.6,58.3,70,0,0,1,1,0,0,0,0,1,1,8,0,2,1,1,0,3,1,2,1,0,0,1,0,1,0,0,0,1,0,3,1,0,2,NoAmp,TRUE,NoAmp,TRUE
FVR1,Procambarus viaeviridis,10,27,23,20,44,48,45,58.6,58.3,70,0,0,1,1,0,0,0,0,1,1,7,0.142857143,2,1,0,0,4,0,0,3,0,0,1,1,1,0,0,0,0,0,3,1,0,2,NoAmp,TRUE,NoAmp,TRUE
FVR2,Bouchardina robisoni,7,27,27,17,37,41,47,59.9,60,69,0,0,0,0,0,1,1,1,0,1,5,0.2,1,0,0,0,1,3,1,0,0,0,0,0,1,1,0,0,0,0,2,0,0,2,Amp,TRUE,NoAmp,TRUE
FVR2,Cambarus deweesae,10,27,27,17,37,41,47,59.9,60,69,0,0,0,0,0,1,1,1,0,1,7,0.142857143,0,0,0,0,1,2,3,1,0,0,0,0,1,0,1,1,0,0,3,0,1,2,NoAmp,TRUE,NoAmp,TRUE
FVR2,Cambarus miltus,8,27,27,17,37,41,47,59.9,60,69,0,0,0,0,0,1,1,1,0,1,6,0,0,0,0,1,0,2,3,0,0,0,0,0,1,1,0,0,0,0,2,0,0,2,Amp,TRUE,NoAmp,TRUE
FVR2,Cambarus unestami,11,27,27,17,37,41,47,59.9,60,69,0,0,0,0,0,1,1,1,0,1,7,0.428571429,2,0,1,0,1,2,1,2,0,0,0,0,1,1,2,0,0,0,4,0,1,3,NoAmp,TRUE,NoAmp,TRUE
FVR2,Creaserinus byersi,8,27,27,17,37,41,47,59.9,60,69,0,0,0,0,0,1,1,1,0,1,6,0.333333333,1,0,0,0,0,1,3,2,0,0,0,0,1,1,0,0,0,0,2,0,0,2,NoAmp,TRUE,NoAmp,TRUE
FVR2,Fallicambarus kountzeae,6,27,27,17,37,41,47,59.9,60,69,0,0,0,0,0,1,1,1,0,1,4,0.5,1,0,0,0,1,0,3,0,0,0,0,0,1,0,0,1,0,0,2,0,0,2,Amp,TRUE,NoAmp,TRUE
FVR2,Fallicambarus wallsi,5,27,27,17,37,41,47,59.9,60,69,0,0,0,0,0,1,1,1,0,1,2,0,1,0,0,0,1,0,1,0,0,0,0,0,1,1,1,0,0,0,3,0,1,2,Amp,TRUE,NoAmp,TRUE
FVR2,Faxonella blairi,8,27,27,17,37,41,47,59.9,60,69,0,0,0,0,0,1,1,1,0,1,5,0.2,1,0,0,1,1,2,1,0,0,0,0,0,1,1,1,0,0,0,3,0,1,2,Amp,TRUE,NoAmp,TRUE
FVR2,Faxonius durelli,3,27,27,17,37,41,47,59.9,60,69,0,0,0,0,0,1,1,1,0,1,2,1,1,0,0,0,0,2,0,0,0,0,0,0,0,0,1,0,0,0,1,0,1,0,Amp,TRUE,Amp,TRUE
FVR2,Faxonius forceps,6,27,27,17,37,41,47,59.9,60,69,0,0,0,0,0,1,1,1,0,1,5,0.6,1,0,1,0,1,0,2,0,1,0,0,0,0,0,1,0,0,0,1,0,1,0,Amp,TRUE,NoAmp,TRUE
FVR2,Faxonius limosus,3,27,27,17,37,41,47,59.9,60,69,0,0,0,0,0,1,1,1,0,1,2,0,0,0,0,0,0,0,1,1,0,0,0,0,0,0,1,0,0,0,1,0,0,1,Amp,TRUE,Amp,TRUE
FVR2,Faxonius peruncus,2,27,27,17,37,41,47,59.9,60,69,0,0,0,0,0,1,1,1,0,1,1,1,0,0,0,0,0,0,1,0,0,0,0,0,0,0,1,0,0,0,1,0,1,0,Amp,TRUE,Amp,TRUE
FVR2,Faxonius placidus,5,27,27,17,37,41,47,59.9,60,69,0,0,0,0,0,1,1,1,0,1,3,1,1,0,0,0,2,0,1,0,0,0,0,0,0,0,2,0,0,0,2,0,1,1,Amp,TRUE,Amp,TRUE
FVR2,Faxonius quadruncus,3,27,27,17,37,41,47,59.9,60,69,0,0,0,0,0,1,1,1,0,1,1,1,0,0,0,0,0,0,1,0,0,0,0,0,0,0,2,0,0,0,2,0,1,1,Amp,TRUE,Amp,TRUE
FVR2,Faxonius virilis,0,27,27,17,37,41,47,59.9,60,69,0,0,0,0,0,1,1,1,0,1,0,0,0,0,0,0,0,0,0,0,0,0,0,0,0,0,0,0,0,0,0,0,0,0,Amp,TRUE,Amp,TRUE
FVR2,Hobbseus valleculus,9,27,27,17,37,41,47,59.9,60,69,0,0,0,0,0,1,1,1,0,1,7,0.142857143,1,0,0,0,0,2,4,1,0,0,0,0,1,1,0,0,0,0,2,0,0,2,NoAmp,TRUE,NoAmp,TRUE
FVR2,Orconectes incomptus,11,27,27,17,37,41,47,59.9,60,69,0,0,0,0,0,1,1,1,0,1,10,0.2,1,0,0,0,1,2,5,2,0,0,0,0,0,1,0,0,0,0,1,0,0,1,NoAmp,TRUE,NoAmp,TRUE
FVR2,Procambarus acherontis,7,27,27,17,37,41,47,59.9,60,69,0,0,0,0,0,1,1,1,0,1,5,0.2,1,0,0,0,1,3,1,0,0,0,0,0,1,1,0,0,0,0,2,0,0,2,Amp,TRUE,NoAmp,TRUE
FVR2,Procambarus ancylus,6,27,27,17,37,41,47,59.9,60,69,0,0,0,0,0,1,1,1,0,1,3,0.333333333,0,0,0,0,0,3,0,0,0,0,0,0,1,1,1,0,0,0,3,1,0,2,Amp,TRUE,NoAmp,TRUE
FVR2,Procambarus bivittatus,9,27,27,17,37,41,47,59.9,60,69,0,0,0,0,0,1,1,1,0,1,7,0.428571429,2,0,0,0,1,3,3,0,0,0,0,0,1,1,0,0,0,0,2,0,0,2,NoAmp,TRUE,NoAmp,TRUE
FVR2,Procambarus howellae,5,27,27,17,37,41,47,59.9,60,69,0,0,0,0,0,1,1,1,0,1,2,1,0,0,0,0,0,2,0,0,0,0,0,0,1,2,0,0,0,0,3,0,1,2,Amp,TRUE,NoAmp,TRUE
FVR2,Procambarus leonensis,6,27,27,17,37,41,47,59.9,60,69,0,0,0,0,0,1,1,1,0,1,4,0,1,0,0,0,1,2,0,1,0,0,0,0,1,1,0,0,0,0,2,0,0,2,Amp,TRUE,NoAmp,TRUE
FVR2,Procambarus litosternum,10,27,27,17,37,41,47,59.9,60,69,0,0,0,0,0,1,1,1,0,1,7,0.142857143,2,0,0,0,3,1,2,1,0,0,0,0,1,1,1,0,0,0,3,0,1,2,NoAmp,TRUE,NoAmp,TRUE
FVR2,Procambarus paeninsulanus,7,27,27,17,37,41,47,59.9,60,69,0,0,0,0,0,1,1,1,0,1,3,0.333333333,0,0,0,0,0,1,1,1,0,0,0,0,1,2,1,0,0,0,4,0,2,2,Amp,TRUE,NoAmp,TRUE
FVR2,Procambarus pubischelae,9,27,27,17,37,41,47,59.9,60,69,0,0,0,0,0,1,1,1,0,1,7,0.428571429,2,0,0,0,0,3,3,1,0,0,0,0,1,1,0,0,0,0,2,0,0,2,NoAmp,TRUE,NoAmp,TRUE
FVR2,Procambarus rogersi,7,27,27,17,37,41,47,59.9,60,69,0,0,0,0,0,1,1,1,0,1,5,0.2,1,0,0,0,1,0,1,3,0,0,0,0,1,1,0,0,0,0,2,0,0,2,Amp,TRUE,NoAmp,TRUE
FVR2,Procambarus simulans,8,27,27,17,37,41,47,59.9,60,69,0,0,0,0,0,1,1,1,0,1,6,0,1,0,0,0,1,3,2,0,0,0,0,0,1,1,0,0,0,0,2,0,0,2,NoAmp,TRUE,NoAmp,TRUE
FVR2,Procambarus versutus,8,27,27,17,37,41,47,59.9,60,69,0,0,0,0,0,1,1,1,0,1,6,0,1,0,0,0,1,2,2,1,0,0,0,0,1,1,0,0,0,0,2,0,0,2,Amp,TRUE,NoAmp,TRUE
FVR2,Procambarus viaeviridis,6,27,27,17,37,41,47,59.9,60,69,0,0,0,0,0,1,1,1,0,1,4,1,1,0,0,0,1,1,1,1,0,0,0,0,1,1,0,0,0,0,2,0,0,2,NoAmp,TRUE,NoAmp,TRUE
HYPO,Acrocheilus alutaceus,9,28,25,17,43,44,53,58.8,59.5,68,1,0,1,1,0,1,0,1,1,0,7,0.142857143,2,1,0,1,2,0,3,1,0,0,0,0,2,0,0,0,0,0,2,0,1,1,NoAmp,TRUE,NoAmp,TRUE
HYPO,Campostoma pullum,11,28,25,17,43,44,53,58.8,59.5,68,1,0,1,1,0,1,0,1,1,0,8,0.25,0,0,0,1,3,2,2,0,0,0,1,0,1,0,0,1,0,0,3,1,2,0,Amp,TRUE,NoAmp,TRUE
HYPO,Carassius auratus,10,28,25,17,43,44,53,58.8,59.5,68,1,0,1,1,0,1,0,1,1,0,6,0.666666667,0,0,0,1,2,1,1,1,0,0,0,2,2,0,0,0,0,0,4,1,2,1,Amp,TRUE,NoAmp,TRUE
HYPO,Chrosomus erythrogaster,8,28,25,17,43,44,53,58.8,59.5,68,1,0,1,1,0,1,0,1,1,0,7,0.142857143,1,0,1,2,1,1,2,0,0,0,0,0,1,0,0,0,0,0,1,0,0,1,Amp,TRUE,Amp,TRUE
HYPO,Chrosomus saylori,8,28,25,17,43,44,53,58.8,59.5,68,1,0,1,1,0,1,0,1,1,0,7,0.142857143,2,1,0,0,2,1,4,0,0,0,0,0,1,0,0,0,0,0,1,0,1,0,NoAmp,TRUE,NoAmp,TRUE
HYPO,Cyprinella proserpina,7,28,25,17,43,44,53,58.8,59.5,68,1,0,1,1,0,1,0,1,1,0,6,0.333333333,1,1,0,1,2,1,1,1,0,0,1,0,0,0,0,0,0,0,1,1,0,0,NoAmp,TRUE,NoAmp,TRUE
HYPO,Cyprinus carpio,5,28,25,17,43,44,53,58.8,59.5,68,1,0,1,1,0,1,0,1,1,0,4,0.5,0,0,0,2,1,1,0,0,0,0,0,1,0,0,0,0,0,0,1,1,0,0,Amp,TRUE,Amp,TRUE
HYPO,Gila nigrescens,12,28,25,17,43,44,53,58.8,59.5,68,1,0,1,1,0,1,0,1,1,0,9,0.111111111,3,2,0,1,3,0,4,1,0,0,0,0,3,0,0,0,0,0,3,0,2,1,NoAmp,TRUE,NoAmp,TRUE
HYPO,Hesperoleucus symmetricus,7,28,25,17,43,44,53,58.8,59.5,68,1,0,1,1,0,1,0,1,1,0,5,0.2,0,0,0,1,2,0,1,1,0,0,0,0,2,0,0,0,0,0,2,0,2,0,Amp,TRUE,Amp,TRUE
HYPO,Hybognathus hayi,8,28,25,17,43,44,53,58.8,59.5,68,1,0,1,1,0,1,0,1,1,0,5,0.2,0,0,0,1,1,3,0,0,0,0,1,0,2,0,0,0,0,0,3,2,1,0,Amp,TRUE,NoAmp,TRUE
HYPO,Hybognathus placitus,9,28,25,17,43,44,53,58.8,59.5,68,1,0,1,1,0,1,0,1,1,0,7,0.142857143,0,0,1,1,2,3,0,0,0,0,1,0,1,0,0,0,0,0,2,1,1,0,Amp,TRUE,Amp,TRUE
HYPO,Hybognathus regius,9,28,25,17,43,44,53,58.8,59.5,68,1,0,1,1,0,1,0,1,1,0,7,0.142857143,1,0,0,1,3,2,1,0,0,0,1,0,1,0,0,0,0,0,2,1,1,0,Amp,TRUE,Amp,TRUE
HYPO,Hypophthalmichthys molitrix,0,28,25,17,43,44,53,58.8,59.5,68,1,0,1,1,0,1,0,1,1,0,0,0,0,0,0,0,0,0,0,0,0,0,0,0,0,0,0,0,0,0,0,0,0,0,Amp,TRUE,Amp,TRUE
HYPO,Luxilus cardinalis,9,28,25,17,43,44,53,58.8,59.5,68,1,0,1,1,0,1,0,1,1,0,6,0.333333333,0,0,0,1,2,1,0,2,0,0,1,0,2,0,0,0,0,0,3,1,1,1,Amp,TRUE,NoAmp,TRUE
HYPO,Luxilus coccogenis,13,28,25,17,43,44,53,58.8,59.5,68,1,0,1,1,0,1,0,1,1,0,11,0.090909091,4,2,0,1,3,2,4,1,0,0,1,0,1,0,0,0,0,0,2,1,1,0,NoAmp,TRUE,NoAmp,TRUE
HYPO,Lythrurus atrapiculus,9,28,25,17,43,44,53,58.8,59.5,68,1,0,1,1,0,1,0,1,1,0,6,0.333333333,0,0,0,1,2,1,1,1,0,0,1,0,2,0,0,0,0,0,3,1,1,1,Amp,TRUE,Amp,TRUE
HYPO,Lythrurus bellus,8,28,25,17,43,44,53,58.8,59.5,68,1,0,1,1,0,1,0,1,1,0,5,0.2,1,1,0,1,0,1,2,1,0,0,1,0,2,0,0,0,0,0,3,1,1,1,Amp,TRUE,Amp,TRUE
HYPO,Mylopharyngodon piceus,7,28,25,17,43,44,53,58.8,59.5,68,1,0,1,1,0,1,0,1,1,0,4,0.5,0,0,0,0,1,0,3,0,0,0,0,0,3,0,0,0,0,0,3,0,2,1,Amp,TRUE,NoAmp,TRUE
HYPO,Nocomis platyrhynchus,13,28,25,17,43,44,53,58.8,59.5,68,1,0,1,1,0,1,0,1,1,0,10,0.2,0,0,0,1,3,3,3,0,0,0,1,1,1,0,0,0,0,0,3,1,1,1,Amp,TRUE,NoAmp,TRUE
HYPO,Notropis atherinoides,9,28,25,17,43,44,53,58.8,59.5,68,1,0,1,1,0,1,0,1,1,0,8,0.25,0,0,0,1,3,1,2,1,0,0,1,0,0,0,0,0,0,0,1,1,0,0,Amp,TRUE,Amp,TRUE
HYPO,Notropis bifrenatus,11,28,25,17,43,44,53,58.8,59.5,68,1,0,1,1,0,1,0,1,1,0,9,0.111111111,1,1,0,1,2,5,1,0,0,0,0,1,1,0,0,0,0,0,2,1,1,0,NoAmp,TRUE,NoAmp,TRUE
HYPO,Notropis buchanani,7,28,25,17,43,44,53,58.8,59.5,68,1,0,1,1,0,1,0,1,1,0,4,0,0,0,0,1,0,2,1,0,0,0,1,0,2,0,0,0,0,0,3,1,1,1,Amp,TRUE,Amp,TRUE
HYPO,Notropis jemezanus,9,28,25,17,43,44,53,58.8,59.5,68,1,0,1,1,0,1,0,1,1,0,7,0.142857143,0,0,0,2,2,3,0,0,0,0,0,1,1,0,0,0,0,0,2,1,1,0,NoAmp,TRUE,NoAmp,TRUE
HYPO,Notropis mekistocholas,6,28,25,17,43,44,53,58.8,59.5,68,1,0,1,1,0,1,0,1,1,0,5,0.2,0,0,0,1,2,2,0,0,0,0,1,0,0,0,0,0,0,0,1,1,0,0,Amp,TRUE,Amp,TRUE
HYPO,Notropis perpallidus,6,28,25,17,43,44,53,58.8,59.5,68,1,0,1,1,0,1,0,1,1,0,5,0.2,0,0,0,1,2,2,0,0,0,0,0,1,0,0,0,0,0,0,1,0,0,1,Amp,TRUE,Amp,TRUE
HYPO,Notropis topeka,11,28,25,17,43,44,53,58.8,59.5,68,1,0,1,1,0,1,0,1,1,0,8,0.25,2,1,0,0,2,2,3,1,0,0,2,0,1,0,0,0,0,0,3,1,1,1,Amp,TRUE,NoAmp,TRUE
HYPO,Ptychocheilus oregonensis,11,28,25,17,43,44,53,58.8,59.5,68,1,0,1,1,0,1,0,1,1,0,8,0.25,3,2,0,1,2,0,4,1,0,0,0,0,3,0,0,0,0,0,3,0,1,2,NoAmp,TRUE,NoAmp,TRUE
HYPO,Rhinichthys atratulus,11,28,25,17,43,44,53,58.8,59.5,68,1,0,1,1,0,1,0,1,1,0,7,0.428571429,1,1,0,1,2,3,1,0,0,0,1,0,3,0,0,0,0,0,4,2,2,0,NoAmp,TRUE,NoAmp,TRUE
HYPO,Rhinichthys obtusus,8,28,25,17,43,44,53,58.8,59.5,68,1,0,1,1,0,1,0,1,1,0,4,0,0,0,0,1,1,1,0,1,0,0,1,0,3,0,0,0,0,0,4,1,2,1,Amp,TRUE,NoAmp,TRUE
HYPO,Semotilus thoreauianus,10,28,25,17,43,44,53,58.8,59.5,68,1,0,1,1,0,1,0,1,1,0,8,0.25,2,2,0,1,2,1,1,3,0,0,0,2,0,0,0,0,0,0,2,0,0,2,NoAmp,TRUE,NoAmp,TRUE
HYPO,Siphateles alvordensis,13,28,25,17,43,44,53,58.8,59.5,68,1,0,1,1,0,1,0,1,1,0,10,0.2,2,1,0,1,3,1,4,1,0,0,0,0,3,0,0,0,0,0,3,0,2,1,NoAmp,TRUE,NoAmp,TRUE
HYPO,Tinca tinca,9,28,25,17,43,44,53,58.8,59.5,68,1,0,1,1,0,1,0,1,1,0,6,0.333333333,0,0,1,1,2,1,0,1,0,0,0,0,3,0,0,0,0,0,3,1,0,2,Amp,TRUE,NoAmp,TRUE
PCLA,Bouchardina robisoni,8,35,28,18,31,36,50,59.3,59.3,70,0,0,1,0,1,0,0,0,1,0,6,0.666666667,2,1,1,0,0,1,2,2,0,0,2,0,0,0,0,0,0,0,2,0,1,1,NoAmp,TRUE,NoAmp,TRUE
PCLA,Cambarus deweesae,11,35,28,18,31,36,50,59.3,59.3,70,0,0,1,0,1,0,0,0,1,0,6,0,1,0,1,0,2,1,2,0,0,0,2,0,1,1,1,0,0,0,5,1,1,3,Amp,TRUE,NoAmp,TRUE
PCLA,Cambarus miltus,12,35,28,18,31,36,50,59.3,59.3,70,0,0,1,0,1,0,0,0,1,0,8,0.25,4,2,2,1,0,0,3,2,0,0,1,0,1,1,1,0,0,0,4,1,2,1,NoAmp,TRUE,NoAmp,TRUE
PCLA,Cambarus unestami,16,35,28,18,31,36,50,59.3,59.3,70,0,0,1,0,1,0,0,0,1,0,10,0.2,3,1,1,2,3,2,2,0,0,0,2,0,2,1,1,0,0,0,6,1,2,3,NoAmp,TRUE,NoAmp,TRUE
PCLA,Creaserinus byersi,10,35,28,18,31,36,50,59.3,59.3,70,0,0,1,0,1,0,0,0,1,0,8,0.25,3,2,1,2,1,1,3,0,0,0,1,0,1,0,0,0,0,0,2,0,0,2,NoAmp,TRUE,NoAmp,TRUE
PCLA,Fallicambarus kountzeae,13,35,28,18,31,36,50,59.3,59.3,70,0,0,1,0,1,0,0,0,1,0,10,0.4,2,1,1,0,2,1,5,1,0,0,0,0,2,0,1,0,0,0,3,1,0,2,NoAmp,TRUE,NoAmp,TRUE
PCLA,Fallicambarus wallsi,9,35,28,18,31,36,50,59.3,59.3,70,0,0,1,0,1,0,0,0,1,0,5,0.2,2,1,1,0,1,1,2,0,0,0,1,0,2,0,1,0,0,0,4,1,0,3,Amp,TRUE,NoAmp,TRUE
PCLA,Faxonella blairi,8,35,28,18,31,36,50,59.3,59.3,70,0,0,1,0,1,0,0,0,1,0,5,0.6,2,1,0,0,1,2,2,0,0,0,2,0,0,0,1,0,0,0,3,1,1,1,NoAmp,TRUE,NoAmp,TRUE
PCLA,Faxonius durelli,10,35,28,18,31,36,50,59.3,59.3,70,0,0,1,0,1,0,0,0,1,0,8,0.5,3,1,3,0,2,3,0,0,0,0,0,0,1,0,1,0,0,0,2,1,0,1,NoAmp,TRUE,NoAmp,TRUE
PCLA,Faxonius forceps,12,35,28,18,31,36,50,59.3,59.3,70,0,0,1,0,1,0,0,0,1,0,10,0.2,4,2,3,0,2,3,2,0,0,0,1,0,1,0,0,0,0,0,2,0,0,2,NoAmp,TRUE,NoAmp,TRUE
PCLA,Faxonius limosus,11,35,28,18,31,36,50,59.3,59.3,70,0,0,1,0,1,0,0,0,1,0,9,0.111111111,4,2,2,1,1,1,2,2,0,0,0,0,1,0,1,0,0,0,2,1,0,1,NoAmp,TRUE,NoAmp,TRUE
PCLA,Faxonius peruncus,13,35,28,18,31,36,50,59.3,59.3,70,0,0,1,0,1,0,0,0,1,0,10,0.2,3,2,2,1,2,2,3,0,0,0,1,0,1,0,1,0,0,0,3,1,0,2,NoAmp,TRUE,NoAmp,TRUE
PCLA,Faxonius placidus,14,35,28,18,31,36,50,59.3,59.3,70,0,0,1,0,1,0,0,0,1,0,10,0,4,2,2,0,2,1,3,2,0,0,1,0,2,0,1,0,0,0,4,1,0,3,NoAmp,TRUE,NoAmp,TRUE
PCLA,Faxonius quadruncus,13,35,28,18,31,36,50,59.3,59.3,70,0,0,1,0,1,0,0,0,1,0,10,0.2,3,2,2,1,2,1,3,1,0,0,1,0,1,0,1,0,0,0,3,1,0,2,NoAmp,TRUE,NoAmp,TRUE
PCLA,Hobbseus valleculus,12,35,28,18,31,36,50,59.3,59.3,70,0,0,1,0,1,0,0,0,1,0,7,0.714285714,2,1,1,0,1,2,3,0,0,0,2,0,1,0,2,0,0,0,5,1,2,2,NoAmp,TRUE,NoAmp,TRUE
PCLA,Orconectes incomptus,12,35,28,18,31,36,50,59.3,59.3,70,0,0,1,0,1,0,0,0,1,0,7,0.142857143,2,0,1,1,1,2,2,0,0,0,2,0,1,0,1,1,0,0,5,1,2,2,Amp,TRUE,NoAmp,TRUE
PCLA,Procambarus acherontis,5,35,28,18,31,36,50,59.3,59.3,70,0,0,1,0,1,0,0,0,1,0,1,1,0,0,0,0,1,0,0,0,0,0,1,0,1,0,2,0,0,0,4,1,1,2,Amp,TRUE,NoAmp,TRUE
PCLA,Procambarus ancylus,5,35,28,18,31,36,50,59.3,59.3,70,0,0,1,0,1,0,0,0,1,0,1,1,0,0,0,0,1,0,0,0,0,0,1,1,0,1,1,0,0,0,4,1,1,2,Amp,TRUE,NoAmp,TRUE
PCLA,Procambarus bivittatus,5,35,28,18,31,36,50,59.3,59.3,70,0,0,1,0,1,0,0,0,1,0,3,1,1,1,0,0,1,0,2,0,0,0,0,0,1,0,1,0,0,0,2,1,1,0,Amp,TRUE,Amp,TRUE
PCLA,Procambarus clarkii,1,35,28,18,31,36,50,59.3,59.3,70,0,0,1,0,1,0,0,0,1,0,0,0,0,0,0,0,0,0,0,0,0,0,0,0,1,0,0,0,0,0,1,0,0,1,Amp,TRUE,Amp,TRUE
PCLA,Procambarus howellae,6,35,28,18,31,36,50,59.3,59.3,70,0,0,1,0,1,0,0,0,1,0,3,0.333333333,0,0,1,0,0,0,2,0,0,0,1,0,1,0,1,0,0,0,3,1,0,2,Amp,TRUE,Amp,TRUE
PCLA,Procambarus leonensis,5,35,28,18,31,36,50,59.3,59.3,70,0,0,1,0,1,0,0,0,1,0,1,1,1,0,0,0,1,0,0,0,0,0,1,0,1,0,2,0,0,0,4,1,1,2,Amp,TRUE,NoAmp,TRUE
PCLA,Procambarus litosternum,7,35,28,18,31,36,50,59.3,59.3,70,0,0,1,0,1,0,0,0,1,0,4,0,1,0,0,0,2,0,2,0,0,0,0,1,1,0,0,1,0,0,3,0,2,1,Amp,TRUE,NoAmp,TRUE
PCLA,Procambarus paeninsulanus,8,35,28,18,31,36,50,59.3,59.3,70,0,0,1,0,1,0,0,0,1,0,4,0,0,0,1,0,1,0,2,0,0,0,1,0,2,0,1,0,0,0,4,1,1,2,Amp,TRUE,NoAmp,TRUE
PCLA,Procambarus pubischelae,7,35,28,18,31,36,50,59.3,59.3,70,0,0,1,0,1,0,0,0,1,0,4,1,1,1,0,0,0,1,2,1,0,0,1,0,1,0,1,0,0,0,3,1,1,1,Amp,TRUE,NoAmp,TRUE
PCLA,Procambarus rogersi,4,35,28,18,31,36,50,59.3,59.3,70,0,0,1,0,1,0,0,0,1,0,2,1,0,0,0,0,0,1,1,0,0,0,0,0,1,0,1,0,0,0,2,1,0,1,Amp,TRUE,Amp,TRUE
PCLA,Procambarus simulans,8,35,28,18,31,36,50,59.3,59.3,70,0,0,1,0,1,0,0,0,1,0,5,0.6,2,1,1,0,0,2,2,0,0,0,0,0,1,1,1,0,0,0,3,1,2,0,NoAmp,TRUE,NoAmp,TRUE
PCLA,Procambarus versutus,11,35,28,18,31,36,50,59.3,59.3,70,0,0,1,0,1,0,0,0,1,0,7,0.714285714,2,1,0,0,3,0,4,0,0,0,1,0,1,1,1,0,0,0,4,1,1,2,Amp,TRUE,NoAmp,TRUE
PCLA,Procambarus viaeviridis,9,35,28,18,31,36,50,59.3,59.3,70,0,0,1,0,1,0,0,0,1,0,4,1,0,0,0,0,1,1,2,0,0,0,1,0,2,1,1,0,0,0,5,1,2,2,Amp,TRUE,NoAmp,TRUE
TSC1,Actinemys marmorata,13,22,31,19,55,35,37,58.5,58.8,69,1,1,1,0,1,0,1,0,0,0,8,0.5,2,2,1,0,4,0,3,0,0,0,1,0,1,0,2,1,0,0,5,1,2,2,NoAmp,TRUE,NoAmp,TRUE
TSC1,Chrysemys picta,8,22,31,19,55,35,37,58.5,58.8,69,1,1,1,0,1,0,1,0,0,0,4,0,3,2,1,0,1,0,2,0,0,0,0,1,1,0,2,0,0,0,4,1,1,2,NoAmp,TRUE,NoAmp,TRUE
TSC1,Clemmys guttata,14,22,31,19,55,35,37,58.5,58.8,69,1,1,1,0,1,0,1,0,0,0,8,0.25,3,2,1,1,4,0,2,0,0,0,1,0,1,0,3,1,0,0,6,2,1,3,NoAmp,TRUE,NoAmp,TRUE
TSC1,Deirochelys reticularia,10,22,31,19,55,35,37,58.5,58.8,69,1,1,1,0,1,0,1,0,0,0,6,0.333333333,2,2,2,0,1,0,3,0,0,0,0,1,0,0,2,1,0,0,4,1,1,2,NoAmp,TRUE,NoAmp,TRUE
TSC1,Emydoidea blandingii,10,22,31,19,55,35,37,58.5,58.8,69,1,1,1,0,1,0,1,0,0,0,6,0.333333333,2,2,1,0,4,0,1,0,0,0,1,0,1,0,1,1,0,0,4,0,2,2,NoAmp,TRUE,NoAmp,TRUE
TSC1,Glyptemys insculpta,11,22,31,19,55,35,37,58.5,58.8,69,1,1,1,0,1,0,1,0,0,0,6,0.333333333,3,2,1,0,3,0,2,0,0,0,1,0,0,0,3,1,0,0,5,2,1,2,NoAmp,TRUE,NoAmp,TRUE
TSC1,Graptemys barbouri,7,22,31,19,55,35,37,58.5,58.8,69,1,1,1,0,1,0,1,0,0,0,4,0.5,2,2,0,0,2,0,2,0,0,0,0,1,0,0,2,0,0,0,3,1,1,1,Amp,TRUE,NoAmp,TRUE
TSC1,Graptemys ernsti,6,22,31,19,55,35,37,58.5,58.8,69,1,1,1,0,1,0,1,0,0,0,3,0.333333333,2,2,0,0,1,0,2,0,0,0,0,1,0,0,2,0,0,0,3,1,1,1,Amp,TRUE,Amp,TRUE
TSC1,Graptemys geographica,4,22,31,19,55,35,37,58.5,58.8,69,1,1,1,0,1,0,1,0,0,0,1,1,0,0,0,0,0,0,1,0,0,0,0,1,0,0,2,0,0,0,3,1,1,1,Amp,TRUE,Amp,TRUE
TSC1,Graptemys nigrinoda,5,22,31,19,55,35,37,58.5,58.8,69,1,1,1,0,1,0,1,0,0,0,2,0,1,1,0,0,0,0,2,0,0,0,0,1,0,0,2,0,0,0,3,1,1,1,Amp,TRUE,Amp,TRUE
TSC1,Graptemys pulchra,5,22,31,19,55,35,37,58.5,58.8,69,1,1,1,0,1,0,1,0,0,0,2,0,2,2,0,0,1,0,1,0,0,0,0,1,0,0,2,0,0,0,3,1,1,1,Amp,TRUE,Amp,TRUE
TSC1,Pseudemys alabamensis,9,22,31,19,55,35,37,58.5,58.8,69,1,1,1,0,1,0,1,0,0,0,5,0.2,3,2,1,0,2,0,2,0,0,0,0,1,1,0,2,0,0,0,4,1,1,2,NoAmp,TRUE,NoAmp,TRUE
TSC1,Pseudemys suwanniensis,10,22,31,19,55,35,37,58.5,58.8,69,1,1,1,0,1,0,1,0,0,0,5,0.2,3,2,1,0,2,0,2,0,0,0,0,1,2,0,2,0,0,0,5,1,2,2,NoAmp,FALSE,NoAmp,TRUE
TSC1,Trachemys callirostris,5,22,31,19,55,35,37,58.5,58.8,69,1,1,1,0,1,0,1,0,0,0,2,0,1,1,0,0,1,0,0,0,1,0,0,1,0,0,2,0,0,0,3,1,1,1,Amp,TRUE,NoAmp,TRUE
TSC1,Trachemys dorbigni,6,22,31,19,55,35,37,58.5,58.8,69,1,1,1,0,1,0,1,0,0,0,2,1,1,1,0,0,1,0,1,0,0,0,0,1,0,0,3,0,0,0,4,2,1,1,Amp,TRUE,NoAmp,TRUE
TSC1,Trachemys scripta,0,22,31,19,55,35,37,58.5,58.8,69,1,1,1,0,1,0,1,0,0,0,0,0,0,0,0,0,0,0,0,0,0,0,0,0,0,0,0,0,0,0,0,0,0,0,Amp,TRUE,Amp,TRUE
TSC2,Actinemys marmorata,5,26,20,19,38,45,47,60,58.9,70,1,1,1,0,0,0,1,1,0,0,2,0,1,0,0,0,1,1,0,0,0,0,0,1,0,0,1,1,0,0,3,0,1,2,Amp,TRUE,NoAmp,TRUE
TSC2,Chrysemys picta,2,26,20,19,38,45,47,60,58.9,70,1,1,1,0,0,0,1,1,0,0,1,1,1,0,0,0,1,0,0,0,0,0,0,1,0,0,0,0,0,0,1,0,1,0,Amp,TRUE,Amp,TRUE
TSC2,Clemmys guttata,7,26,20,19,38,45,47,60,58.9,70,1,1,1,0,0,0,1,1,0,0,3,0.333333333,0,0,1,0,1,0,1,0,0,0,0,1,2,0,1,0,0,0,4,1,1,2,Amp,TRUE,NoAmp,TRUE
TSC2,Deirochelys reticularia,6,26,20,19,38,45,47,60,58.9,70,1,1,1,0,0,0,1,1,0,0,4,0.5,0,0,0,0,1,2,1,0,0,0,0,0,1,0,1,0,0,0,2,0,0,2,Amp,TRUE,NoAmp,TRUE
TSC2,Emydoidea blandingii,6,26,20,19,38,45,47,60,58.9,70,1,1,1,0,0,0,1,1,0,0,2,0,0,0,0,0,1,0,1,0,0,0,1,1,0,0,1,1,0,0,4,0,1,3,Amp,TRUE,NoAmp,TRUE
TSC2,Glyptemys insculpta,4,26,20,19,38,45,47,60,58.9,70,1,1,1,0,0,0,1,1,0,0,1,1,0,0,0,0,0,0,1,0,0,0,0,2,0,0,1,0,0,0,3,0,1,2,Amp,TRUE,Amp,TRUE
TSC2,Graptemys barbouri,2,26,20,19,38,45,47,60,58.9,70,1,1,1,0,0,0,1,1,0,0,1,1,0,0,0,0,1,0,0,0,0,0,0,0,1,0,0,0,0,0,1,1,0,0,Amp,TRUE,Amp,TRUE
TSC2,Graptemys geographica,3,26,20,19,38,45,47,60,58.9,70,1,1,1,0,0,0,1,1,0,0,2,0,0,0,0,0,1,0,1,0,0,0,0,0,1,0,0,0,0,0,1,1,0,0,Amp,TRUE,Amp,TRUE
TSC2,Graptemys pulchra,3,26,20,19,38,45,47,60,58.9,70,1,1,1,0,0,0,1,1,0,0,1,1,0,0,0,0,1,0,0,0,0,0,0,0,2,0,0,0,0,0,2,2,0,0,Amp,FALSE,Amp,TRUE
TSC2,Malaclemys terrapin,2,26,20,19,38,45,47,60,58.9,70,1,1,1,0,0,0,1,1,0,0,1,1,0,0,0,0,1,0,0,0,0,0,0,0,0,0,0,1,0,0,1,1,0,0,Amp,TRUE,Amp,TRUE
TSC2,Pseudemys alabamensis,4,26,20,19,38,45,47,60,58.9,70,1,1,1,0,0,0,1,1,0,0,3,0.333333333,0,0,0,0,0,0,3,0,0,0,0,1,0,0,0,0,0,0,1,0,1,0,Amp,TRUE,Amp,TRUE
TSC2,Trachemys dorbigni,2,26,20,19,38,45,47,60,58.9,70,1,1,1,0,0,0,1,1,0,0,2,0,0,0,0,1,1,0,0,0,0,0,0,0,0,0,0,0,0,0,0,0,0,0,Amp,TRUE,Amp,TRUE
TSC2,Trachemys scripta,0,26,20,19,38,45,47,60,58.9,70,1,1,1,0,0,0,1,1,0,0,0,0,0,0,0,0,0,0,0,0,0,0,0,0,0,0,0,0,0,0,0,0,0,0,Amp,TRUE,Amp,TRUE
TSC3,Actinemys marmorata,7,25,21,21,40,48,33,59.1,59.3,70,1,1,0,0,0,0,0,1,1,0,3,0.333333333,1,1,0,0,2,0,0,1,0,0,0,0,1,1,2,0,0,0,4,1,1,2,Amp,TRUE,NoAmp,TRUE
TSC3,Chrysemys picta,5,25,21,21,40,48,33,59.1,59.3,70,1,1,0,0,0,0,0,1,1,0,1,1,0,0,0,0,1,0,0,0,0,0,0,0,0,1,2,1,0,0,4,1,2,1,Amp,TRUE,NoAmp,TRUE
TSC3,Clemmys guttata,10,25,21,21,40,48,33,59.1,59.3,70,1,1,0,0,0,0,0,1,1,0,6,0.333333333,2,1,0,0,4,0,1,0,0,1,0,0,0,1,3,0,0,0,4,1,2,1,NoAmp,TRUE,NoAmp,TRUE
TSC3,Deirochelys reticularia,8,25,21,21,40,48,33,59.1,59.3,70,1,1,0,0,0,0,0,1,1,0,4,0,2,1,1,0,2,0,1,0,0,0,0,0,1,1,2,0,0,0,4,1,2,1,NoAmp,TRUE,NoAmp,TRUE
TSC3,Emydoidea blandingii,6,25,21,21,40,48,33,59.1,59.3,70,1,1,0,0,0,0,0,1,1,0,4,0.5,1,1,0,0,3,0,0,0,0,1,0,0,0,1,1,0,0,0,2,1,0,1,Amp,TRUE,Amp,TRUE
TSC3,Glyptemys insculpta,7,25,21,21,40,48,33,59.1,59.3,70,1,1,0,0,0,0,0,1,1,0,3,1,1,0,0,0,2,0,0,0,0,1,0,0,0,2,2,0,0,0,4,1,2,1,Amp,TRUE,NoAmp,TRUE
TSC3,Graptemys barbouri,4,25,21,21,40,48,33,59.1,59.3,70,1,1,0,0,0,0,0,1,1,0,2,0,1,1,0,0,2,0,0,0,0,0,0,0,0,0,2,0,0,0,2,1,1,0,Amp,TRUE,Amp,TRUE
TSC3,Graptemys ernsti,3,25,21,21,40,48,33,59.1,59.3,70,1,1,0,0,0,0,0,1,1,0,1,1,0,0,0,0,1,0,0,0,0,0,0,0,0,0,2,0,0,0,2,1,1,0,Amp,FALSE,Amp,TRUE
TSC3,Graptemys gibbonsi,4,25,21,21,40,48,33,59.1,59.3,70,1,1,0,0,0,0,0,1,1,0,1,1,0,0,0,0,1,0,0,0,0,0,0,0,1,0,2,0,0,0,3,1,2,0,Amp,FALSE,Amp,TRUE
TSC3,Graptemys nigrinoda,2,25,21,21,40,48,33,59.1,59.3,70,1,1,0,0,0,0,0,1,1,0,1,1,0,0,0,0,1,0,0,0,0,0,0,0,0,0,1,0,0,0,1,0,1,0,Amp,FALSE,Amp,TRUE
TSC3,Malaclemys terrapin,2,25,21,21,40,48,33,59.1,59.3,70,1,1,0,0,0,0,0,1,1,0,1,1,1,0,0,0,1,0,0,0,0,0,0,0,0,0,1,0,0,0,1,0,1,0,Amp,TRUE,Amp,TRUE
TSC3,Pseudemys alabamensis,3,25,21,21,40,48,33,59.1,59.3,70,1,1,0,0,0,0,0,1,1,0,1,1,1,1,0,0,1,0,0,0,0,0,0,0,0,1,1,0,0,0,2,1,1,0,Amp,TRUE,Amp,TRUE
TSC3,Pseudemys suwanniensis,4,25,21,21,40,48,33,59.1,59.3,70,1,1,0,0,0,0,0,1,1,0,2,0,2,1,0,1,1,0,0,0,0,0,0,0,0,1,1,0,0,0,2,1,1,0,Amp,TRUE,Amp,TRUE
TSC3,Trachemys callirostris,3,25,21,21,40,48,33,59.1,59.3,70,1,1,0,0,0,0,0,1,1,0,2,0,1,0,0,0,1,0,1,0,0,0,0,0,0,0,1,0,0,0,1,0,1,0,Amp,TRUE,Amp,TRUE
TSC3,Trachemys dorbigni,3,25,21,21,40,48,33,59.1,59.3,70,1,1,0,0,0,0,0,1,1,0,1,1,0,0,0,0,1,0,0,0,0,0,0,0,0,0,2,0,0,0,2,0,2,0,Amp,FALSE,Amp,TRUE
TSC3,Trachemys scripta,0,25,21,21,40,48,33,59.1,59.3,70,1,1,0,0,0,0,0,1,1,0,0,0,0,0,0,0,0,0,0,0,0,0,0,0,0,0,0,0,0,0,0,0,0,0,Amp,TRUE,Amp,TRUE
TSC4,Actinemys marmorata,13,26,26,20,42,42,45,59.8,59.5,70,0,1,0,0,0,0,0,1,1,0,9,0.111111111,4,2,0,1,3,0,2,3,0,0,0,0,2,0,1,1,0,0,4,1,1,2,NoAmp,TRUE,NoAmp,TRUE
TSC4,Chrysemys picta,7,26,26,20,42,42,45,59.8,59.5,70,0,1,0,0,0,0,0,1,1,0,6,0.333333333,0,0,0,0,5,0,1,0,0,0,0,0,0,0,1,0,0,0,1,1,0,0,NoAmp,TRUE,NoAmp,TRUE
TSC4,Clemmys guttata,13,26,26,20,42,42,45,59.8,59.5,70,0,1,0,0,0,0,0,1,1,0,9,0.111111111,2,1,0,1,2,0,3,3,0,0,0,0,3,0,1,0,0,0,4,1,2,1,NoAmp,TRUE,NoAmp,TRUE
TSC4,Deirochelys reticularia,12,26,26,20,42,42,45,59.8,59.5,70,0,1,0,0,0,0,0,1,1,0,9,0.111111111,1,1,0,0,7,0,1,1,0,0,0,0,1,0,1,1,0,0,3,1,1,1,NoAmp,TRUE,NoAmp,TRUE
TSC4,Emydoidea blandingii,15,26,26,20,42,42,45,59.8,59.5,70,0,1,0,0,0,0,0,1,1,0,11,0.090909091,4,2,0,1,3,0,4,3,0,0,0,0,3,0,1,0,0,0,4,1,1,2,NoAmp,TRUE,NoAmp,TRUE
TSC4,Glyptemys insculpta,11,26,26,20,42,42,45,59.8,59.5,70,0,1,0,0,0,0,0,1,1,0,8,0,3,2,0,1,3,0,1,3,0,0,0,0,2,0,1,0,0,0,3,1,1,1,NoAmp,TRUE,NoAmp,TRUE
TSC4,Graptemys barbouri,5,26,26,20,42,42,45,59.8,59.5,70,0,1,0,0,0,0,0,1,1,0,3,0.333333333,1,1,0,0,1,0,2,0,0,0,0,0,1,0,1,0,0,0,2,1,1,0,Amp,TRUE,Amp,TRUE
TSC4,Graptemys geographica,7,26,26,20,42,42,45,59.8,59.5,70,0,1,0,0,0,0,0,1,1,0,4,0.5,0,0,0,0,2,0,2,0,0,0,0,0,2,0,1,0,0,0,3,1,2,0,Amp,TRUE,Amp,TRUE
TSC4,Malaclemys terrapin,6,26,26,20,42,42,45,59.8,59.5,70,0,1,0,0,0,0,0,1,1,0,3,1,0,0,0,0,1,0,2,0,0,0,0,0,2,0,1,0,0,0,3,1,1,1,Amp,TRUE,Amp,TRUE
TSC4,Pseudemys alabamensis,14,26,26,20,42,42,45,59.8,59.5,70,0,1,0,0,0,0,0,1,1,0,10,0,1,1,0,0,7,0,2,1,0,0,0,0,3,0,1,0,0,0,4,2,1,1,NoAmp,TRUE,NoAmp,TRUE
TSC4,Trachemys callirostris,6,26,26,20,42,42,45,59.8,59.5,70,0,1,0,0,0,0,0,1,1,0,4,0.5,0,0,0,0,2,0,2,0,0,0,0,0,1,0,1,0,0,0,2,1,1,0,Amp,TRUE,Amp,TRUE
TSC4,Trachemys dorbigni,5,26,26,20,42,42,45,59.8,59.5,70,0,1,0,0,0,0,0,1,1,0,4,0.5,1,1,0,0,2,0,1,1,0,0,0,0,0,0,1,0,0,0,1,1,0,0,Amp,TRUE,NoAmp,TRUE
TSC4,Trachemys gaigeae,3,26,26,20,42,42,45,59.8,59.5,70,0,1,0,0,0,0,0,1,1,0,1,1,0,0,0,0,0,0,1,0,0,0,0,0,1,0,1,0,0,0,2,1,1,0,Amp,TRUE,Amp,TRUE
TSC4,Trachemys scripta,0,26,26,20,42,42,45,59.8,59.5,70,0,1,0,0,0,0,0,1,1,0,0,0,0,0,0,0,0,0,0,0,0,0,0,0,0,0,0,0,0,0,0,0,0,0,Amp,TRUE,Amp,TRUE
