Assay,Species,F_length,R_length,P_length,F_Tm,R_Tm,P_Tm,F_GC,R_GC,P_GC,FRmm_total,FRmm_diff,FRmm_3p,FRmm_term,FRmm_AA,FRmm_AG,FRmm_AC,FRmm_TT,FRmm_TG,FRmm_TC,FRmm_GG,FRmm_CC,Pmm_AA,Pmm_AG,Pmm_AC,Pmm_TT,Pmm_TG,Pmm_TC,Pmm_GG,Pmm_CC,Pmm_total,Pmm_3p,Pmm_5p,Pmm_center,SYBR_results,SYBR_keep,TaqMan_results,TaqMan_keep
CID1,Acrocheilus alutaceus,25,21,20,58.5,58.4,69,48,57,45,7,0.714285714,3,1,1,0,2,1,2,1,0,0,0,0,1,0,0,0,0,0,1,0,1,0,NoAmp,TRUE,NoAmp,TRUE
CID1,Campostoma pullum,25,21,20,58.5,58.4,69,48,57,45,7,0.142857143,2,1,1,0,1,2,3,0,0,0,0,0,2,0,0,0,0,0,2,0,1,1,NoAmp,TRUE,NoAmp,TRUE
CID1,Carassius auratus,25,21,20,58.5,58.4,69,48,57,45,9,0.111111111,2,1,1,0,1,2,3,2,0,0,0,0,2,0,2,0,0,1,5,2,1,2,NoAmp,TRUE,NoAmp,TRUE
CID1,Chrosomus erythrogaster,25,21,20,58.5,58.4,69,48,57,45,7,0.428571429,4,1,0,0,2,2,3,0,0,0,1,1,0,0,1,0,0,0,3,0,0,3,NoAmp,TRUE,NoAmp,TRUE
CID1,Chrosomus saylori,25,21,20,58.5,58.4,69,48,57,45,9,0.111111111,4,1,0,0,3,2,4,0,0,0,0,0,2,0,1,0,0,0,3,1,0,2,NoAmp,TRUE,NoAmp,TRUE
CID1,Ctenopharyngodon idella,25,21,20,58.5,58.4,69,48,57,45,0,0,0,0,0,0,0,0,0,0,0,0,0,0,0,0,0,0,0,0,0,0,0,0,Amp,TRUE,Amp,TRUE
CID1,Cyprinella proserpina,25,21,20,58.5,58.4,69,48,57,45,10,0.2,4,1,0,0,3,2,5,0,0,0,0,0,3,0,1,0,0,0,4,1,1,2,NoAmp,TRUE,NoAmp,TRUE
CID1,Cyprinus carpio,25,21,20,58.5,58.4,69,48,57,45,8,0.25,3,1,0,0,2,3,2,1,0,0,0,1,2,0,1,0,0,0,4,1,1,2,NoAmp,TRUE,NoAmp,TRUE
CID1,Gila nigrescens,25,21,20,58.5,58.4,69,48,57,45,7,0.428571429,3,1,1,0,1,1,3,1,0,0,0,0,1,0,0,0,0,0,1,0,0,1,NoAmp,TRUE,NoAmp,TRUE
CID1,Hesperoleucus symmetricus,25,21,20,58.5,58.4,69,48,57,45,10,0.4,3,1,1,0,3,1,3,2,0,0,0,0,1,0,0,0,0,0,1,0,1,0,NoAmp,TRUE,NoAmp,TRUE
CID1,Hybognathus hayi,25,21,20,58.5,58.4,69,48,57,45,8,0,3,1,0,0,2,3,3,0,0,0,0,0,1,0,1,1,0,0,3,0,1,2,NoAmp,TRUE,NoAmp,TRUE
CID1,Hybognathus placitus,25,21,20,58.5,58.4,69,48,57,45,5,0.2,2,1,0,0,1,3,1,0,0,0,1,0,1,0,1,1,0,0,4,0,1,3,NoAmp,TRUE,NoAmp,TRUE
CID1,Hybognathus regius,25,21,20,58.5,58.4,69,48,57,45,7,0.142857143,3,1,0,0,1,3,3,0,0,0,0,0,3,0,1,0,0,0,4,0,2,2,NoAmp,TRUE,NoAmp,TRUE
CID1,Luxilus cardinalis,25,21,20,58.5,58.4,69,48,57,45,9,0.333333333,2,1,0,0,2,2,4,1,0,0,0,0,2,0,1,1,0,0,4,0,2,2,NoAmp,TRUE,NoAmp,TRUE
CID1,Luxilus coccogenis,25,21,20,58.5,58.4,69,48,57,45,6,0,3,1,0,0,1,2,1,2,0,0,0,0,1,0,0,1,0,0,2,0,1,1,NoAmp,TRUE,NoAmp,TRUE
CID1,Lythrurus atrapiculus,25,21,20,58.5,58.4,69,48,57,45,7,0.428571429,3,1,0,0,0,3,4,0,0,0,0,0,2,0,1,0,0,0,3,0,0,3,Amp,TRUE,NoAmp,TRUE
CID1,Lythrurus bellus,25,21,20,58.5,58.4,69,48,57,45,6,0.666666667,2,1,0,0,0,2,3,1,0,0,0,0,0,0,1,0,0,0,1,0,0,1,NoAmp,TRUE,NoAmp,TRUE
CID1,Mylopharyngodon piceus,25,21,20,58.5,58.4,69,48,57,45,5,0.6,1,0,0,0,1,1,3,0,0,0,0,0,0,0,1,0,0,0,1,0,0,1,Amp,TRUE,Amp,TRUE
CID1,Nocomis platyrhynchus,25,21,20,58.5,58.4,69,48,57,45,8,0.5,2,1,0,0,1,2,3,2,0,0,0,0,1,0,0,1,0,0,2,0,1,1,NoAmp,TRUE,NoAmp,TRUE
CID1,Notropis atherinoides,25,21,20,58.5,58.4,69,48,57,45,8,0,4,1,0,0,2,3,3,0,0,0,0,0,1,0,1,0,0,1,3,1,1,1,NoAmp,TRUE,NoAmp,TRUE
CID1,Notropis bifrenatus,25,21,20,58.5,58.4,69,48,57,45,7,0.142857143,3,1,0,0,3,2,1,1,0,0,0,0,1,0,0,1,0,0,2,0,1,1,NoAmp,TRUE,NoAmp,TRUE
CID1,Notropis buchanani,25,21,20,58.5,58.4,69,48,57,45,5,0.2,3,1,0,0,0,3,2,0,0,0,0,0,0,0,1,1,0,0,2,0,1,1,NoAmp,TRUE,NoAmp,TRUE
CID1,Notropis jemezanus,25,21,20,58.5,58.4,69,48,57,45,6,0,3,1,0,0,1,1,3,1,0,0,0,1,1,0,1,1,0,0,4,0,2,2,Amp,TRUE,NoAmp,TRUE
CID1,Notropis mekistocholas,25,21,20,58.5,58.4,69,48,57,45,8,0,3,0,0,0,4,2,2,0,0,0,0,0,1,0,1,1,0,0,3,0,1,2,Amp,TRUE,NoAmp,TRUE
CID1,Notropis perpallidus,25,21,20,58.5,58.4,69,48,57,45,7,0.428571429,3,1,0,0,2,2,2,0,0,1,0,0,1,0,1,1,0,0,3,0,2,1,NoAmp,TRUE,NoAmp,TRUE
CID1,Notropis topeka,25,21,20,58.5,58.4,69,48,57,45,9,0.111111111,4,1,0,0,2,3,3,1,0,0,0,0,1,0,1,1,0,0,3,0,1,2,NoAmp,TRUE,NoAmp,TRUE
CID1,Ptychocheilus oregonensis,25,21,20,58.5,58.4,69,48,57,45,6,0.666666667,2,1,1,0,1,1,2,1,0,0,0,0,1,0,0,0,0,0,1,0,1,0,NoAmp,TRUE,NoAmp,TRUE
CID1,Rhinichthys atratulus,25,21,20,58.5,58.4,69,48,57,45,9,0.111111111,3,1,0,0,2,2,3,2,0,0,0,0,2,0,1,1,0,0,4,1,1,2,NoAmp,TRUE,NoAmp,TRUE
CID1,Rhinichthys obtusus,25,21,20,58.5,58.4,69,48,57,45,7,0.142857143,3,1,0,0,1,2,2,2,0,0,0,0,2,0,1,0,0,0,3,1,1,1,NoAmp,TRUE,NoAmp,TRUE
CID1,Semotilus thoreauianus,25,21,20,58.5,58.4,69,48,57,45,8,0,3,1,0,0,2,0,3,2,0,1,0,0,1,0,0,0,0,0,1,0,1,0,NoAmp,TRUE,NoAmp,TRUE
CID1,Siphateles alvordensis,25,21,20,58.5,58.4,69,48,57,45,7,0.714285714,2,1,1,0,1,1,3,1,0,0,0,0,2,0,1,0,0,0,3,0,0,3,NoAmp,TRUE,NoAmp,TRUE
CID1,Tinca tinca,25,21,20,58.5,58.4,69,48,57,45,8,0.25,3,1,0,0,2,2,4,0,0,0,1,0,2,0,0,0,0,0,3,0,2,1,NoAmp,TRUE,NoAmp,TRUE
CID2,Acrocheilus alutaceus,25,19,17,59.6,59,70,36,63,47,4,0,1,0,0,1,2,0,1,0,0,0,0,0,0,1,0,0,0,0,1,1,0,0,NoAmp,TRUE,NoAmp,TRUE
CID2,Bouchardina robisoni,25,19,17,59.6,59,70,36,63,47,9,0.111111111,3,0,2,0,3,1,3,0,0,0,1,0,2,0,1,0,0,0,4,1,1,2,NoAmp,TRUE,NoAmp,TRUE
CID2,Cambarus deweesae,25,19,17,59.6,59,70,36,63,47,7,0.142857143,3,0,1,0,3,0,2,0,1,0,2,0,0,0,0,0,0,0,2,0,1,1,NoAmp,TRUE,NoAmp,TRUE
CID2,Cambarus miltus,25,19,17,59.6,59,70,36,63,47,8,0.25,2,0,2,1,3,0,2,0,0,0,0,0,1,0,1,1,0,0,3,2,1,0,NoAmp,TRUE,NoAmp,TRUE
CID2,Cambarus unestami,25,19,17,59.6,59,70,36,63,47,9,0.111111111,3,0,2,1,3,1,1,1,0,0,2,0,0,0,0,1,0,0,3,1,1,1,NoAmp,TRUE,NoAmp,TRUE
CID2,Campostoma pullum,25,19,17,59.6,59,70,36,63,47,1,1,0,0,0,1,0,0,0,0,0,0,1,0,0,0,2,0,0,0,3,1,1,1,Amp,TRUE,NoAmp,TRUE
CID2,Carassius auratus,25,19,17,59.6,59,70,36,63,47,3,0.333333333,1,0,0,1,2,0,0,0,0,0,0,1,1,1,1,0,0,0,4,1,2,1,Amp,TRUE,NoAmp,TRUE
CID2,Chrosomus erythrogaster,25,19,17,59.6,59,70,36,63,47,8,0,2,0,0,2,4,0,2,0,0,0,0,0,0,1,0,0,0,0,1,1,0,0,NoAmp,TRUE,NoAmp,TRUE
CID2,Chrosomus saylori,25,19,17,59.6,59,70,36,63,47,7,0.142857143,3,0,0,0,3,0,4,0,0,0,0,0,1,0,1,0,0,0,2,1,1,0,NoAmp,TRUE,NoAmp,TRUE
CID2,Ctenopharyngodon idella,25,19,17,59.6,59,70,36,63,47,0,0,0,0,0,0,0,0,0,0,0,0,0,0,0,0,0,0,0,0,0,0,0,0,Amp,TRUE,Amp,TRUE
CID2,Cyprinella proserpina,25,19,17,59.6,59,70,36,63,47,3,0.333333333,0,0,0,1,2,0,0,0,0,0,1,0,1,1,1,0,0,0,4,2,1,1,Amp,TRUE,NoAmp,TRUE
CID2,Cyprinus carpio,25,19,17,59.6,59,70,36,63,47,2,0,1,0,0,1,1,0,0,0,0,0,0,1,0,1,1,0,0,0,3,1,1,1,Amp,TRUE,NoAmp,TRUE
CID2,Fallicambarus kountzeae,25,19,17,59.6,59,70,36,63,47,9,0.333333333,2,0,3,1,3,0,2,0,0,0,1,0,2,0,0,0,0,0,3,1,1,1,NoAmp,TRUE,NoAmp,TRUE
CID2,Fallicambarus wallsi,25,19,17,59.6,59,70,36,63,47,8,0.5,3,0,3,1,3,0,1,0,0,0,1,0,1,0,0,0,0,0,2,0,1,1,NoAmp,TRUE,NoAmp,TRUE
CID2,Faxonella blairi,25,19,17,59.6,59,70,36,63,47,8,0.5,3,0,3,0,3,0,2,0,0,0,1,0,0,0,1,0,0,0,2,0,1,1,NoAmp,TRUE,NoAmp,TRUE
CID2,Faxonius durelli,25,19,17,59.6,59,70,36,63,47,12,0.166666667,3,0,3,1,4,2,2,0,0,0,0,0,0,1,0,0,0,0,1,1,0,0,NoAmp,TRUE,NoAmp,TRUE
CID2,Faxonius forceps,25,19,17,59.6,59,70,36,63,47,11,0.090909091,3,0,4,1,3,0,2,0,1,0,0,0,1,1,0,0,0,0,2,1,0,1,NoAmp,TRUE,NoAmp,TRUE
CID2,Faxonius limosus,25,19,17,59.6,59,70,36,63,47,11,0.272727273,3,0,2,1,5,0,3,0,0,0,0,0,1,0,1,1,0,0,3,2,1,0,NoAmp,TRUE,NoAmp,TRUE
CID2,Faxonius peruncus,25,19,17,59.6,59,70,36,63,47,11,0.272727273,3,0,3,1,4,0,3,0,0,0,0,0,1,0,1,1,0,0,3,1,2,0,NoAmp,TRUE,NoAmp,TRUE
CID2,Faxonius placidus,25,19,17,59.6,59,70,36,63,47,11,0.272727273,3,0,3,1,4,0,3,0,0,0,0,0,1,1,0,0,0,0,2,1,1,0,NoAmp,TRUE,NoAmp,TRUE
CID2,Faxonius quadruncus,25,19,17,59.6,59,70,36,63,47,11,0.272727273,3,0,3,1,4,0,3,0,0,0,0,0,1,0,1,1,0,0,3,1,2,0,NoAmp,TRUE,NoAmp,TRUE
CID2,Gila nigrescens,25,19,17,59.6,59,70,36,63,47,4,0.5,1,0,0,1,1,0,2,0,0,0,0,0,1,1,0,0,0,0,2,2,0,0,Amp,TRUE,NoAmp,TRUE
CID2,Hesperoleucus symmetricus,25,19,17,59.6,59,70,36,63,47,2,0,1,0,0,1,1,0,0,0,0,0,0,0,0,1,1,0,0,0,2,1,1,0,Amp,TRUE,NoAmp,TRUE
CID2,Hobbseus valleculus,25,19,17,59.6,59,70,36,63,47,9,0.111111111,3,0,1,1,3,1,3,0,0,0,2,0,1,0,1,0,0,0,4,1,2,1,NoAmp,TRUE,NoAmp,TRUE
CID2,Hybognathus hayi,25,19,17,59.6,59,70,36,63,47,1,1,0,0,0,1,0,0,0,0,0,0,1,0,1,0,1,0,0,0,3,0,1,2,Amp,TRUE,NoAmp,TRUE
CID2,Hybognathus placitus,25,19,17,59.6,59,70,36,63,47,6,0.333333333,2,0,0,1,4,0,1,0,0,0,1,0,0,0,1,0,0,0,2,0,1,1,NoAmp,TRUE,NoAmp,TRUE
CID2,Hybognathus regius,25,19,17,59.6,59,70,36,63,47,3,1,1,0,0,1,0,0,2,0,0,0,1,0,0,0,2,0,0,0,3,1,1,1,Amp,TRUE,NoAmp,TRUE
CID2,Luxilus cardinalis,25,19,17,59.6,59,70,36,63,47,2,0,0,0,0,1,1,0,0,0,0,0,1,0,2,0,1,0,0,0,4,1,2,1,Amp,TRUE,NoAmp,TRUE
CID2,Luxilus coccogenis,25,19,17,59.6,59,70,36,63,47,3,1,0,0,0,1,0,0,2,0,0,0,1,0,0,0,1,0,0,0,2,0,1,1,Amp,TRUE,NoAmp,TRUE
CID2,Lythrurus atrapiculus,25,19,17,59.6,59,70,36,63,47,3,0.333333333,1,0,0,1,2,0,0,0,0,0,1,0,0,0,0,0,0,0,1,0,0,1,Amp,TRUE,NoAmp,TRUE
CID2,Lythrurus bellus,25,19,17,59.6,59,70,36,63,47,4,0.5,1,0,0,1,3,0,0,0,0,0,1,0,0,0,0,0,0,0,1,0,0,1,Amp,TRUE,Amp,TRUE
CID2,Mylopharyngodon piceus,25,19,17,59.6,59,70,36,63,47,4,0.5,1,0,0,1,2,0,1,0,0,0,0,0,0,0,1,0,0,0,1,1,0,0,Amp,TRUE,NoAmp,TRUE
CID2,Nocomis platyrhynchus,25,19,17,59.6,59,70,36,63,47,3,0.333333333,1,0,0,1,1,0,1,0,0,0,0,2,1,1,0,0,0,0,4,2,1,1,Amp,TRUE,NoAmp,TRUE
CID2,Notropis atherinoides,25,19,17,59.6,59,70,36,63,47,4,0,1,0,1,1,1,0,1,0,0,0,1,0,0,0,2,0,0,0,3,1,1,1,Amp,TRUE,NoAmp,TRUE
CID2,Notropis bifrenatus,25,19,17,59.6,59,70,36,63,47,2,1,1,0,0,1,0,0,1,0,0,0,0,1,1,0,2,0,0,0,4,2,1,1,Amp,TRUE,NoAmp,TRUE
CID2,Notropis buchanani,25,19,17,59.6,59,70,36,63,47,3,0.333333333,0,0,0,1,1,0,1,0,0,0,1,0,0,0,0,0,0,0,1,0,0,1,Amp,TRUE,Amp,TRUE
CID2,Notropis jemezanus,25,19,17,59.6,59,70,36,63,47,3,0.333333333,2,0,0,1,1,0,1,0,0,0,0,1,1,0,1,0,0,0,3,1,1,1,Amp,TRUE,NoAmp,TRUE
CID2,Notropis mekistocholas,25,19,17,59.6,59,70,36,63,47,6,0.333333333,2,0,0,1,4,0,1,0,0,0,1,0,0,0,1,0,0,0,2,0,1,1,NoAmp,TRUE,NoAmp,TRUE
CID2,Notropis perpallidus,25,19,17,59.6,59,70,36,63,47,3,0.333333333,1,0,0,1,1,0,1,0,0,0,0,0,0,0,1,0,1,0,2,1,1,0,Amp,TRUE,NoAmp,TRUE
CID2,Notropis topeka,25,19,17,59.6,59,70,36,63,47,6,0.333333333,1,0,0,0,2,0,4,0,0,0,1,1,1,0,0,0,0,0,3,1,1,1,NoAmp,TRUE,NoAmp,TRUE
CID2,Orconectes incomptus,25,19,17,59.6,59,70,36,63,47,9,0.111111111,3,0,1,0,3,1,3,0,1,0,1,0,1,0,0,1,0,0,3,2,0,1,NoAmp,TRUE,NoAmp,TRUE
CID2,Procambarus acherontis,25,19,17,59.6,59,70,36,63,47,9,0.333333333,3,0,2,0,4,0,3,0,0,0,2,0,1,0,0,0,0,0,3,1,1,1,NoAmp,TRUE,NoAmp,TRUE
CID2,Procambarus ancylus,25,19,17,59.6,59,70,36,63,47,9,0.333333333,3,0,2,0,4,0,3,0,0,0,2,0,1,0,1,0,0,0,4,1,2,1,NoAmp,TRUE,NoAmp,TRUE
CID2,Procambarus bivittatus,25,19,17,59.6,59,70,36,63,47,10,0.2,3,0,2,0,4,0,4,0,0,0,1,0,1,0,1,0,0,0,3,1,1,1,NoAmp,TRUE,NoAmp,TRUE
CID2,Procambarus howellae,25,19,17,59.6,59,70,36,63,47,9,0.333333333,3,0,2,1,4,0,2,0,0,0,2,0,1,0,0,0,0,0,3,1,1,1,NoAmp,TRUE,NoAmp,TRUE
CID2,Procambarus leonensis,25,19,17,59.6,59,70,36,63,47,8,0.5,3,0,2,0,4,0,2,0,0,0,2,0,1,0,1,0,0,0,4,2,1,1,NoAmp,TRUE,NoAmp,TRUE
CID2,Procambarus paeninsulanus,25,19,17,59.6,59,70,36,63,47,10,0.2,3,0,2,1,4,0,3,0,0,0,2,0,0,0,0,0,0,0,2,0,1,1,NoAmp,TRUE,NoAmp,TRUE
CID2,Procambarus pubischelae,25,19,17,59.6,59,70,36,63,47,11,0.090909091,3,0,2,0,3,2,4,0,0,0,1,0,1,0,1,0,0,0,3,1,1,1,NoAmp,TRUE,NoAmp,TRUE
CID2,Procambarus rogersi,25,19,17,59.6,59,70,36,63,47,8,0.5,2,0,2,0,4,0,2,0,0,0,1,0,1,0,0,0,0,0,2,1,0,1,NoAmp,TRUE,NoAmp,TRUE
CID2,Procambarus simulans,25,19,17,59.6,59,70,36,63,47,8,0,3,0,2,0,2,1,3,0,0,0,1,0,1,0,1,0,0,0,3,1,1,1,NoAmp,TRUE,NoAmp,TRUE
CID2,Procambarus versutus,25,19,17,59.6,59,70,36,63,47,8,0.5,2,0,1,1,4,0,2,0,0,0,2,0,1,0,1,0,0,0,4,2,1,1,NoAmp,TRUE,NoAmp,TRUE
CID2,Procambarus viaeviridis,25,19,17,59.6,59,70,36,63,47,10,0.4,3,0,1,2,5,0,2,0,0,0,1,1,1,0,0,0,0,0,3,1,1,1,NoAmp,TRUE,NoAmp,TRUE
CID2,Ptychocheilus oregonensis,25,19,17,59.6,59,70,36,63,47,5,0.2,1,0,0,1,2,0,2,0,0,0,0,0,2,1,0,0,0,0,3,2,1,0,NoAmp,TRUE,NoAmp,TRUE
CID2,Rhinichthys atratulus,25,19,17,59.6,59,70,36,63,47,5,0.6,2,0,0,1,4,0,0,0,0,0,1,0,1,1,1,0,0,0,4,1,1,2,NoAmp,TRUE,NoAmp,TRUE
CID2,Rhinichthys obtusus,25,19,17,59.6,59,70,36,63,47,5,0.6,2,0,0,1,4,0,0,0,0,0,1,0,0,1,0,0,0,0,2,1,0,1,NoAmp,TRUE,NoAmp,TRUE
CID2,Semotilus thoreauianus,25,19,17,59.6,59,70,36,63,47,8,0,3,0,0,2,3,0,2,1,0,0,0,1,0,0,1,0,1,0,3,1,2,0,NoAmp,TRUE,NoAmp,TRUE
CID2,Siphateles alvordensis,25,19,17,59.6,59,70,36,63,47,8,0,2,0,0,2,3,1,2,0,0,0,0,0,0,1,0,0,0,0,1,1,0,0,Amp,TRUE,NoAmp,TRUE
CID2,Tinca tinca,25,19,17,59.6,59,70,36,63,47,4,0,2,0,0,1,2,0,0,1,0,0,0,0,2,0,0,0,0,0,2,0,1,1,Amp,TRUE,NoAmp,TRUE
FVR1,Bouchardina robisoni,27,23,20,58.6,58.3,70,44,48,45,6,0.666666667,2,0,2,0,2,0,0,2,0,0,1,1,2,0,0,0,0,0,4,1,1,2,Amp,TRUE,NoAmp,TRUE
FVR1,Cambarus deweesae,27,23,20,58.6,58.3,70,44,48,45,8,0,1,0,1,0,4,0,1,2,0,0,1,1,1,0,1,0,0,0,4,1,0,3,NoAmp,TRUE,NoAmp,TRUE
FVR1,Cambarus miltus,27,23,20,58.6,58.3,70,44,48,45,7,0.142857143,2,0,0,0,4,0,1,1,0,1,0,0,1,0,0,0,0,0,1,1,0,0,NoAmp,TRUE,NoAmp,TRUE
FVR1,Cambarus unestami,27,23,20,58.6,58.3,70,44,48,45,7,0.142857143,2,0,1,0,3,0,1,2,0,0,1,0,1,0,2,0,0,0,4,2,0,2,NoAmp,TRUE,NoAmp,TRUE
FVR1,Creaserinus byersi,27,23,20,58.6,58.3,70,44,48,45,5,0.2,4,1,1,0,2,1,0,1,0,0,0,0,3,0,0,0,0,0,3,1,1,1,NoAmp,TRUE,NoAmp,TRUE
FVR1,Fallicambarus kountzeae,27,23,20,58.6,58.3,70,44,48,45,6,0,3,1,1,0,1,1,0,1,0,2,1,1,1,0,0,0,0,0,3,1,0,2,NoAmp,TRUE,NoAmp,TRUE
FVR1,Fallicambarus wallsi,27,23,20,58.6,58.3,70,44,48,45,6,0.666666667,2,0,3,0,1,0,0,2,0,0,1,1,1,0,1,0,0,0,4,1,0,3,NoAmp,TRUE,NoAmp,TRUE
FVR1,Faxonella blairi,27,23,20,58.6,58.3,70,44,48,45,8,0.25,2,0,3,0,2,0,0,3,0,0,1,1,1,0,1,0,0,0,4,1,0,3,NoAmp,TRUE,NoAmp,TRUE
FVR1,Faxonius durelli,27,23,20,58.6,58.3,70,44,48,45,6,0.666666667,2,1,1,0,2,1,0,2,0,0,0,0,0,0,2,0,0,0,2,0,0,2,NoAmp,TRUE,NoAmp,TRUE
FVR1,Faxonius forceps,27,23,20,58.6,58.3,70,44,48,45,7,0.142857143,2,0,1,0,3,1,0,2,0,0,0,0,1,0,2,0,0,0,3,0,1,2,NoAmp,TRUE,NoAmp,TRUE
FVR1,Faxonius limosus,27,23,20,58.6,58.3,70,44,48,45,6,0.333333333,3,1,1,0,1,0,1,3,0,0,0,0,0,0,0,0,0,0,0,0,0,0,NoAmp,TRUE,NoAmp,TRUE
FVR1,Faxonius peruncus,27,23,20,58.6,58.3,70,44,48,45,5,0.2,2,0,1,0,3,0,0,1,0,0,0,0,0,0,1,0,0,0,1,0,0,1,Amp,TRUE,NoAmp,TRUE
FVR1,Faxonius placidus,27,23,20,58.6,58.3,70,44,48,45,5,0.2,2,0,1,0,3,0,0,1,0,0,0,0,0,0,2,0,0,0,2,0,0,2,Amp,TRUE,NoAmp,TRUE
FVR1,Faxonius quadruncus,27,23,20,58.6,58.3,70,44,48,45,4,0,1,0,1,0,2,0,0,1,0,0,0,0,0,0,1,0,0,0,1,0,0,1,Amp,TRUE,NoAmp,TRUE
FVR1,Faxonius virilis,27,23,20,58.6,58.3,70,44,48,45,0,0,0,0,0,0,0,0,0,0,0,0,0,0,0,0,0,0,0,0,0,0,0,0,Amp,TRUE,Amp,TRUE
FVR1,Hobbseus valleculus,27,23,20,58.6,58.3,70,44,48,45,6,0,2,0,0,1,1,0,0,4,0,0,1,1,1,0,0,0,0,0,3,1,0,2,NoAmp,TRUE,NoAmp,TRUE
FVR1,Orconectes incomptus,27,23,20,58.6,58.3,70,44,48,45,7,0.428571429,2,0,1,0,3,0,1,2,0,0,1,0,0,0,0,0,0,0,1,0,0,1,NoAmp,TRUE,NoAmp,TRUE
FVR1,Procambarus acherontis,27,23,20,58.6,58.3,70,44,48,45,9,0.555555556,3,1,1,1,4,1,0,2,0,0,1,1,1,0,0,0,0,0,3,1,0,2,NoAmp,TRUE,NoAmp,TRUE
FVR1,Procambarus ancylus,27,23,20,58.6,58.3,70,44,48,45,8,0.5,2,1,2,0,3,1,1,1,0,0,1,1,1,0,0,0,0,0,3,1,0,2,NoAmp,TRUE,NoAmp,TRUE
FVR1,Procambarus bivittatus,27,23,20,58.6,58.3,70,44,48,45,9,0.333333333,4,1,2,0,3,1,1,2,0,0,1,1,1,0,0,0,0,0,3,1,0,2,NoAmp,TRUE,NoAmp,TRUE
FVR1,Procambarus howellae,27,23,20,58.6,58.3,70,44,48,45,10,0.2,3,1,2,0,5,1,0,2,0,0,1,1,1,1,0,0,0,0,4,1,0,3,NoAmp,TRUE,NoAmp,TRUE
FVR1,Procambarus leonensis,27,23,20,58.6,58.3,70,44,48,45,8,0.5,3,1,1,1,3,1,0,2,0,0,1,0,1,0,0,0,1,0,3,1,0,2,NoAmp,TRUE,NoAmp,TRUE
FVR1,Procambarus litosternum,27,23,20,58.6,58.3,70,44,48,45,9,0.555555556,3,1,2,0,4,1,1,1,0,0,1,0,2,0,1,0,1,0,5,1,1,3,NoAmp,TRUE,NoAmp,TRUE
FVR1,Procambarus paeninsulanus,27,23,20,58.6,58.3,70,44,48,45,10,0.4,3,1,2,0,5,1,0,2,0,0,1,1,1,1,1,0,0,0,5,1,0,4,NoAmp,TRUE,NoAmp,TRUE
FVR1,Procambarus pubischelae,27,23,20,58.6,58.3,70,44,48,45,8,0,2,0,1,0,5,0,0,2,0,0,1,1,1,0,0,0,0,0,3,1,0,2,NoAmp,TRUE,NoAmp,TRUE
FVR1,Procambarus rogersi,27,23,20,58.6,58.3,70,44,48,45,7,0.428571429,3,1,1,0,3,1,0,2,0,0,1,1,1,0,0,0,0,0,3,1,0,2,NoAmp,TRUE,NoAmp,TRUE
FVR1,Procambarus simulans,27,23,20,58.6,58.3,70,44,48,45,7,0.142857143,2,1,0,0,3,1,0,3,0,0,1,1,1,0,0,0,0,0,3,1,0,2,NoAmp,TRUE,NoAmp,TRUE
FVR1,Procambarus versutus,27,23,20,58.6,58.3,70,44,48,45,8,0,2,1,1,0,3,1,2,1,0,0,1,0,1,0,0,0,1,0,3,1,0,2,NoAmp,TRUE,NoAmp,TRUE
FVR1,Procambarus viaeviridis,27,23,20,58.6,58.3,70,44,48,45,7,0.142857143,2,1,0,0,4,0,0,3,0,0,1,1,1,0,0,0,0,0,3,1,0,2,NoAmp,TRUE,NoAmp,TRUE
FVR2,Bouchardina robisoni,27,27,17,59.9,60,69,37,41,47,5,0.2,1,0,0,0,1,3,1,0,0,0,0,0,1,1,0,0,0,0,2,0,0,2,Amp,TRUE,NoAmp,TRUE
FVR2,Cambarus deweesae,27,27,17,59.9,60,69,37,41,47,7,0.142857143,0,0,0,0,1,2,3,1,0,0,0,0,1,0,1,1,0,0,3,0,1,2,NoAmp,TRUE,NoAmp,TRUE
FVR2,Cambarus miltus,27,27,17,59.9,60,69,37,41,47,6,0,0,0,0,1,0,2,3,0,0,0,0,0,1,1,0,0,0,0,2,0,0,2,Amp,TRUE,NoAmp,TRUE
FVR2,Cambarus unestami,27,27,17,59.9,60,69,37,41,47,7,0.428571429,2,0,1,0,1,2,1,2,0,0,0,0,1,1,2,0,0,0,4,0,1,3,NoAmp,TRUE,NoAmp,TRUE
FVR2,Creaserinus byersi,27,27,17,59.9,60,69,37,41,47,6,0.333333333,1,0,0,0,0,1,3,2,0,0,0,0,1,1,0,0,0,0,2,0,0,2,NoAmp,TRUE,NoAmp,TRUE
FVR2,Fallicambarus kountzeae,27,27,17,59.9,60,69,37,41,47,4,0.5,1,0,0,0,1,0,3,0,0,0,0,0,1,0,0,1,0,0,2,0,0,2,Amp,TRUE,NoAmp,TRUE
FVR2,Fallicambarus wallsi,27,27,17,59.9,60,69,37,41,47,2,0,1,0,0,0,1,0,1,0,0,0,0,0,1,1,1,0,0,0,3,0,1,2,Amp,TRUE,NoAmp,TRUE
FVR2,Faxonella blairi,27,27,17,59.9,60,69,37,41,47,5,0.2,1,0,0,1,1,2,1,0,0,0,0,0,1,1,1,0,0,0,3,0,1,2,Amp,TRUE,NoAmp,TRUE
FVR2,Faxonius durelli,27,27,17,59.9,60,69,37,41,47,2,1,1,0,0,0,0,2,0,0,0,0,0,0,0,0,1,0,0,0,1,0,1,0,Amp,TRUE,Amp,TRUE
FVR2,Faxonius forceps,27,27,17,59.9,60,69,37,41,47,5,0.6,1,0,1,0,1,0,2,0,1,0,0,0,0,0,1,0,0,0,1,0,1,0,Amp,TRUE,NoAmp,TRUE
FVR2,Faxonius limosus,27,27,17,59.9,60,69,37,41,47,2,0,0,0,0,0,0,0,1,1,0,0,0,0,0,0,1,0,0,0,1,0,0,1,Amp,TRUE,Amp,TRUE
FVR2,Faxonius peruncus,27,27,17,59.9,60,69,37,41,47,1,1,0,0,0,0,0,0,1,0,0,0,0,0,0,0,1,0,0,0,1,0,1,0,Amp,TRUE,Amp,TRUE
FVR2,Faxonius placidus,27,27,17,59.9,60,69,37,41,47,3,1,1,0,0,0,2,0,1,0,0,0,0,0,0,0,2,0,0,0,2,0,1,1,Amp,TRUE,Amp,TRUE
FVR2,Faxonius quadruncus,27,27,17,59.9,60,69,37,41,47,1,1,0,0,0,0,0,0,1,0,0,0,0,0,0,0,2,0,0,0,2,0,1,1,Amp,TRUE,Amp,TRUE
FVR2,Faxonius virilis,27,27,17,59.9,60,69,37,41,47,0,0,0,0,0,0,0,0,0,0,0,0,0,0,0,0,0,0,0,0,0,0,0,0,Amp,TRUE,Amp,TRUE
FVR2,Hobbseus valleculus,27,27,17,59.9,60,69,37,41,47,7,0.142857143,1,0,0,0,0,2,4,1,0,0,0,0,1,1,0,0,0,0,2,0,0,2,NoAmp,TRUE,NoAmp,TRUE
FVR2,Orconectes incomptus,27,27,17,59.9,60,69,37,41,47,10,0.2,1,0,0,0,1,2,5,2,0,0,0,0,0,1,0,0,0,0,1,0,0,1,NoAmp,TRUE,NoAmp,TRUE
FVR2,Procambarus acherontis,27,27,17,59.9,60,69,37,41,47,5,0.2,1,0,0,0,1,3,1,0,0,0,0,0,1,1,0,0,0,0,2,0,0,2,Amp,TRUE,NoAmp,TRUE
FVR2,Procambarus ancylus,27,27,17,59.9,60,69,37,41,47,3,0.333333333,0,0,0,0,0,3,0,0,0,0,0,0,1,1,1,0,0,0,3,1,0,2,Amp,TRUE,NoAmp,TRUE
FVR2,Procambarus bivittatus,27,27,17,59.9,60,69,37,41,47,7,0.428571429,2,0,0,0,1,3,3,0,0,0,0,0,1,1,0,0,0,0,2,0,0,2,NoAmp,TRUE,NoAmp,TRUE
FVR2,Procambarus howellae,27,27,17,59.9,60,69,37,41,47,2,1,0,0,0,0,0,2,0,0,0,0,0,0,1,2,0,0,0,0,3,0,1,2,Amp,TRUE,NoAmp,TRUE
FVR2,Procambarus leonensis,27,27,17,59.9,60,69,37,41,47,4,0,1,0,0,0,1,2,0,1,0,0,0,0,1,1,0,0,0,0,2,0,0,2,Amp,TRUE,NoAmp,TRUE
FVR2,Procambarus litosternum,27,27,17,59.9,60,69,37,41,47,7,0.142857143,2,0,0,0,3,1,2,1,0,0,0,0,1,1,1,0,0,0,3,0,1,2,NoAmp,TRUE,NoAmp,TRUE
FVR2,Procambarus paeninsulanus,27,27,17,59.9,60,69,37,41,47,3,0.333333333,0,0,0,0,0,1,1,1,0,0,0,0,1,2,1,0,0,0,4,0,2,2,Amp,TRUE,NoAmp,TRUE
FVR2,Procambarus pubischelae,27,27,17,59.9,60,69,37,41,47,7,0.428571429,2,0,0,0,0,3,3,1,0,0,0,0,1,1,0,0,0,0,2,0,0,2,NoAmp,TRUE,NoAmp,TRUE
FVR2,Procambarus rogersi,27,27,17,59.9,60,69,37,41,47,5,0.2,1,0,0,0,1,0,1,3,0,0,0,0,1,1,0,0,0,0,2,0,0,2,Amp,TRUE,NoAmp,TRUE
FVR2,Procambarus simulans,27,27,17,59.9,60,69,37,41,47,6,0,1,0,0,0,1,3,2,0,0,0,0,0,1,1,0,0,0,0,2,0,0,2,NoAmp,TRUE,NoAmp,TRUE
FVR2,Procambarus versutus,27,27,17,59.9,60,69,37,41,47,6,0,1,0,0,0,1,2,2,1,0,0,0,0,1,1,0,0,0,0,2,0,0,2,Amp,TRUE,NoAmp,TRUE
FVR2,Procambarus viaeviridis,27,27,17,59.9,60,69,37,41,47,4,1,1,0,0,0,1,1,1,1,0,0,0,0,1,1,0,0,0,0,2,0,0,2,NoAmp,TRUE,NoAmp,TRUE
HYPO,Acrocheilus alutaceus,28,25,17,58.8,59.5,68,43,44,53,7,0.142857143,2,1,0,1,2,0,3,1,0,0,0,0,2,0,0,0,0,0,2,0,1,1,NoAmp,TRUE,NoAmp,TRUE
HYPO,Campostoma pullum,28,25,17,58.8,59.5,68,43,44,53,8,0.25,0,0,0,1,3,2,2,0,0,0,1,0,1,0,0,1,0,0,3,1,2,0,Amp,TRUE,NoAmp,TRUE
HYPO,Carassius auratus,28,25,17,58.8,59.5,68,43,44,53,6,0.666666667,0,0,0,1,2,1,1,1,0,0,0,2,2,0,0,0,0,0,4,1,2,1,Amp,TRUE,NoAmp,TRUE
HYPO,Chrosomus erythrogaster,28,25,17,58.8,59.5,68,43,44,53,7,0.142857143,1,0,1,2,1,1,2,0,0,0,0,0,1,0,0,0,0,0,1,0,0,1,Amp,TRUE,Amp,TRUE
HYPO,Chrosomus saylori,28,25,17,58.8,59.5,68,43,44,53,7,0.142857143,2,1,0,0,2,1,4,0,0,0,0,0,1,0,0,0,0,0,1,0,1,0,NoAmp,TRUE,NoAmp,TRUE
HYPO,Cyprinella proserpina,28,25,17,58.8,59.5,68,43,44,53,6,0.333333333,1,1,0,1,2,1,1,1,0,0,1,0,0,0,0,0,0,0,1,1,0,0,NoAmp,TRUE,NoAmp,TRUE
HYPO,Cyprinus carpio,28,25,17,58.8,59.5,68,43,44,53,4,0.5,0,0,0,2,1,1,0,0,0,0,0,1,0,0,0,0,0,0,1,1,0,0,Amp,TRUE,Amp,TRUE
HYPO,Gila nigrescens,28,25,17,58.8,59.5,68,43,44,53,9,0.111111111,3,2,0,1,3,0,4,1,0,0,0,0,3,0,0,0,0,0,3,0,2,1,NoAmp,TRUE,NoAmp,TRUE
HYPO,Hesperoleucus symmetricus,28,25,17,58.8,59.5,68,43,44,53,5,0.2,0,0,0,1,2,0,1,1,0,0,0,0,2,0,0,0,0,0,2,0,2,0,Amp,TRUE,Amp,TRUE
HYPO,Hybognathus hayi,28,25,17,58.8,59.5,68,43,44,53,5,0.2,0,0,0,1,1,3,0,0,0,0,1,0,2,0,0,0,0,0,3,2,1,0,Amp,TRUE,NoAmp,TRUE
HYPO,Hybognathus placitus,28,25,17,58.8,59.5,68,43,44,53,7,0.142857143,0,0,1,1,2,3,0,0,0,0,1,0,1,0,0,0,0,0,2,1,1,0,Amp,TRUE,Amp,TRUE
HYPO,Hybognathus regius,28,25,17,58.8,59.5,68,43,44,53,7,0.142857143,1,0,0,1,3,2,1,0,0,0,1,0,1,0,0,0,0,0,2,1,1,0,Amp,TRUE,Amp,TRUE
HYPO,Hypophthalmichthys molitrix,28,25,17,58.8,59.5,68,43,44,53,0,0,0,0,0,0,0,0,0,0,0,0,0,0,0,0,0,0,0,0,0,0,0,0,Amp,TRUE,Amp,TRUE
HYPO,Luxilus cardinalis,28,25,17,58.8,59.5,68,43,44,53,6,0.333333333,0,0,0,1,2,1,0,2,0,0,1,0,2,0,0,0,0,0,3,1,1,1,Amp,TRUE,NoAmp,TRUE
HYPO,Luxilus coccogenis,28,25,17,58.8,59.5,68,43,44,53,11,0.090909091,4,2,0,1,3,2,4,1,0,0,1,0,1,0,0,0,0,0,2,1,1,0,NoAmp,TRUE,NoAmp,TRUE
HYPO,Lythrurus atrapiculus,28,25,17,58.8,59.5,68,43,44,53,6,0.333333333,0,0,0,1,2,1,1,1,0,0,1,0,2,0,0,0,0,0,3,1,1,1,Amp,TRUE,Amp,TRUE
HYPO,Lythrurus bellus,28,25,17,58.8,59.5,68,43,44,53,5,0.2,1,1,0,1,0,1,2,1,0,0,1,0,2,0,0,0,0,0,3,1,1,1,Amp,TRUE,Amp,TRUE
HYPO,Mylopharyngodon piceus,28,25,17,58.8,59.5,68,43,44,53,4,0.5,0,0,0,0,1,0,3,0,0,0,0,0,3,0,0,0,0,0,3,0,2,1,Amp,TRUE,NoAmp,TRUE
HYPO,Nocomis platyrhynchus,28,25,17,58.8,59.5,68,43,44,53,10,0.2,0,0,0,1,3,3,3,0,0,0,1,1,1,0,0,0,0,0,3,1,1,1,Amp,TRUE,NoAmp,TRUE
HYPO,Notropis atherinoides,28,25,17,58.8,59.5,68,43,44,53,8,0.25,0,0,0,1,3,1,2,1,0,0,1,0,0,0,0,0,0,0,1,1,0,0,Amp,TRUE,Amp,TRUE
HYPO,Notropis bifrenatus,28,25,17,58.8,59.5,68,43,44,53,9,0.111111111,1,1,0,1,2,5,1,0,0,0,0,1,1,0,0,0,0,0,2,1,1,0,NoAmp,TRUE,NoAmp,TRUE
HYPO,Notropis buchanani,28,25,17,58.8,59.5,68,43,44,53,4,0,0,0,0,1,0,2,1,0,0,0,1,0,2,0,0,0,0,0,3,1,1,1,Amp,TRUE,Amp,TRUE
HYPO,Notropis jemezanus,28,25,17,58.8,59.5,68,43,44,53,7,0.142857143,0,0,0,2,2,3,0,0,0,0,0,1,1,0,0,0,0,0,2,1,1,0,NoAmp,TRUE,NoAmp,TRUE
HYPO,Notropis mekistocholas,28,25,17,58.8,59.5,68,43,44,53,5,0.2,0,0,0,1,2,2,0,0,0,0,1,0,0,0,0,0,0,0,1,1,0,0,Amp,TRUE,Amp,TRUE
HYPO,Notropis perpallidus,28,25,17,58.8,59.5,68,43,44,53,5,0.2,0,0,0,1,2,2,0,0,0,0,0,1,0,0,0,0,0,0,1,0,0,1,Amp,TRUE,Amp,TRUE
HYPO,Notropis topeka,28,25,17,58.8,59.5,68,43,44,53,8,0.25,2,1,0,0,2,2,3,1,0,0,2,0,1,0,0,0,0,0,3,1,1,1,Amp,TRUE,NoAmp,TRUE
HYPO,Ptychocheilus oregonensis,28,25,17,58.8,59.5,68,43,44,53,8,0.25,3,2,0,1,2,0,4,1,0,0,0,0,3,0,0,0,0,0,3,0,1,2,NoAmp,TRUE,NoAmp,TRUE
HYPO,Rhinichthys atratulus,28,25,17,58.8,59.5,68,43,44,53,7,0.428571429,1,1,0,1,2,3,1,0,0,0,1,0,3,0,0,0,0,0,4,2,2,0,NoAmp,TRUE,NoAmp,TRUE
HYPO,Rhinichthys obtusus,28,25,17,58.8,59.5,68,43,44,53,4,0,0,0,0,1,1,1,0,1,0,0,1,0,3,0,0,0,0,0,4,1,2,1,Amp,TRUE,NoAmp,TRUE
HYPO,Semotilus thoreauianus,28,25,17,58.8,59.5,68,43,44,53,8,0.25,2,2,0,1,2,1,1,3,0,0,0,2,0,0,0,0,0,0,2,0,0,2,NoAmp,TRUE,NoAmp,TRUE
HYPO,Siphateles alvordensis,28,25,17,58.8,59.5,68,43,44,53,10,0.2,2,1,0,1,3,1,4,1,0,0,0,0,3,0,0,0,0,0,3,0,2,1,NoAmp,TRUE,NoAmp,TRUE
HYPO,Tinca tinca,28,25,17,58.8,59.5,68,43,44,53,6,0.333333333,0,0,1,1,2,1,0,1,0,0,0,0,3,0,0,0,0,0,3,1,0,2,Amp,TRUE,NoAmp,TRUE
PCLA,Bouchardina robisoni,35,28,18,59.3,59.3,70,31,36,50,6,0.666666667,2,1,1,0,0,1,2,2,0,0,2,0,0,0,0,0,0,0,2,0,1,1,NoAmp,TRUE,NoAmp,TRUE
PCLA,Cambarus deweesae,35,28,18,59.3,59.3,70,31,36,50,6,0,1,0,1,0,2,1,2,0,0,0,2,0,1,1,1,0,0,0,5,1,1,3,Amp,TRUE,NoAmp,TRUE
PCLA,Cambarus miltus,35,28,18,59.3,59.3,70,31,36,50,8,0.25,4,2,2,1,0,0,3,2,0,0,1,0,1,1,1,0,0,0,4,1,2,1,NoAmp,TRUE,NoAmp,TRUE
PCLA,Cambarus unestami,35,28,18,59.3,59.3,70,31,36,50,10,0.2,3,1,1,2,3,2,2,0,0,0,2,0,2,1,1,0,0,0,6,1,2,3,NoAmp,TRUE,NoAmp,TRUE
PCLA,Creaserinus byersi,35,28,18,59.3,59.3,70,31,36,50,8,0.25,3,2,1,2,1,1,3,0,0,0,1,0,1,0,0,0,0,0,2,0,0,2,NoAmp,TRUE,NoAmp,TRUE
PCLA,Fallicambarus kountzeae,35,28,18,59.3,59.3,70,31,36,50,10,0.4,2,1,1,0,2,1,5,1,0,0,0,0,2,0,1,0,0,0,3,1,0,2,NoAmp,TRUE,NoAmp,TRUE
PCLA,Fallicambarus wallsi,35,28,18,59.3,59.3,70,31,36,50,5,0.2,2,1,1,0,1,1,2,0,0,0,1,0,2,0,1,0,0,0,4,1,0,3,Amp,TRUE,NoAmp,TRUE
PCLA,Faxonella blairi,35,28,18,59.3,59.3,70,31,36,50,5,0.6,2,1,0,0,1,2,2,0,0,0,2,0,0,0,1,0,0,0,3,1,1,1,NoAmp,TRUE,NoAmp,TRUE
PCLA,Faxonius durelli,35,28,18,59.3,59.3,70,31,36,50,8,0.5,3,1,3,0,2,3,0,0,0,0,0,0,1,0,1,0,0,0,2,1,0,1,NoAmp,TRUE,NoAmp,TRUE
PCLA,Faxonius forceps,35,28,18,59.3,59.3,70,31,36,50,10,0.2,4,2,3,0,2,3,2,0,0,0,1,0,1,0,0,0,0,0,2,0,0,2,NoAmp,TRUE,NoAmp,TRUE
PCLA,Faxonius limosus,35,28,18,59.3,59.3,70,31,36,50,9,0.111111111,4,2,2,1,1,1,2,2,0,0,0,0,1,0,1,0,0,0,2,1,0,1,NoAmp,TRUE,NoAmp,TRUE
PCLA,Faxonius peruncus,35,28,18,59.3,59.3,70,31,36,50,10,0.2,3,2,2,1,2,2,3,0,0,0,1,0,1,0,1,0,0,0,3,1,0,2,NoAmp,TRUE,NoAmp,TRUE
PCLA,Faxonius placidus,35,28,18,59.3,59.3,70,31,36,50,10,0,4,2,2,0,2,1,3,2,0,0,1,0,2,0,1,0,0,0,4,1,0,3,NoAmp,TRUE,NoAmp,TRUE
PCLA,Faxonius quadruncus,35,28,18,59.3,59.3,70,31,36,50,10,0.2,3,2,2,1,2,1,3,1,0,0,1,0,1,0,1,0,0,0,3,1,0,2,NoAmp,TRUE,NoAmp,TRUE
PCLA,Hobbseus valleculus,35,28,18,59.3,59.3,70,31,36,50,7,0.714285714,2,1,1,0,1,2,3,0,0,0,2,0,1,0,2,0,0,0,5,1,2,2,NoAmp,TRUE,NoAmp,TRUE
PCLA,Orconectes incomptus,35,28,18,59.3,59.3,70,31,36,50,7,0.142857143,2,0,1,1,1,2,2,0,0,0,2,0,1,0,1,1,0,0,5,1,2,2,Amp,TRUE,NoAmp,TRUE
PCLA,Procambarus acherontis,35,28,18,59.3,59.3,70,31,36,50,1,1,0,0,0,0,1,0,0,0,0,0,1,0,1,0,2,0,0,0,4,1,1,2,Amp,TRUE,NoAmp,TRUE
PCLA,Procambarus ancylus,35,28,18,59.3,59.3,70,31,36,50,1,1,0,0,0,0,1,0,0,0,0,0,1,1,0,1,1,0,0,0,4,1,1,2,Amp,TRUE,NoAmp,TRUE
PCLA,Procambarus bivittatus,35,28,18,59.3,59.3,70,31,36,50,3,1,1,1,0,0,1,0,2,0,0,0,0,0,1,0,1,0,0,0,2,1,1,0,Amp,TRUE,Amp,TRUE
PCLA,Procambarus clarkii,35,28,18,59.3,59.3,70,31,36,50,0,0,0,0,0,0,0,0,0,0,0,0,0,0,1,0,0,0,0,0,1,0,0,1,Amp,TRUE,Amp,TRUE
PCLA,Procambarus howellae,35,28,18,59.3,59.3,70,31,36,50,3,0.333333333,0,0,1,0,0,0,2,0,0,0,1,0,1,0,1,0,0,0,3,1,0,2,Amp,TRUE,Amp,TRUE
PCLA,Procambarus leonensis,35,28,18,59.3,59.3,70,31,36,50,1,1,1,0,0,0,1,0,0,0,0,0,1,0,1,0,2,0,0,0,4,1,1,2,Amp,TRUE,NoAmp,TRUE
PCLA,Procambarus litosternum,35,28,18,59.3,59.3,70,31,36,50,4,0,1,0,0,0,2,0,2,0,0,0,0,1,1,0,0,1,0,0,3,0,2,1,Amp,TRUE,NoAmp,TRUE
PCLA,Procambarus paeninsulanus,35,28,18,59.3,59.3,70,31,36,50,4,0,0,0,1,0,1,0,2,0,0,0,1,0,2,0,1,0,0,0,4,1,1,2,Amp,TRUE,NoAmp,TRUE
PCLA,Procambarus pubischelae,35,28,18,59.3,59.3,70,31,36,50,4,1,1,1,0,0,0,1,2,1,0,0,1,0,1,0,1,0,0,0,3,1,1,1,Amp,TRUE,NoAmp,TRUE
PCLA,Procambarus rogersi,35,28,18,59.3,59.3,70,31,36,50,2,1,0,0,0,0,0,1,1,0,0,0,0,0,1,0,1,0,0,0,2,1,0,1,Amp,TRUE,Amp,TRUE
PCLA,Procambarus simulans,35,28,18,59.3,59.3,70,31,36,50,5,0.6,2,1,1,0,0,2,2,0,0,0,0,0,1,1,1,0,0,0,3,1,2,0,NoAmp,TRUE,NoAmp,TRUE
PCLA,Procambarus versutus,35,28,18,59.3,59.3,70,31,36,50,7,0.714285714,2,1,0,0,3,0,4,0,0,0,1,0,1,1,1,0,0,0,4,1,1,2,Amp,TRUE,NoAmp,TRUE
PCLA,Procambarus viaeviridis,35,28,18,59.3,59.3,70,31,36,50,4,1,0,0,0,0,1,1,2,0,0,0,1,0,2,1,1,0,0,0,5,1,2,2,Amp,TRUE,NoAmp,TRUE
TSC1,Actinemys marmorata,22,31,19,58.5,58.8,69,55,35,37,8,0.5,2,2,1,0,4,0,3,0,0,0,1,0,1,0,2,1,0,0,5,1,2,2,NoAmp,TRUE,NoAmp,TRUE
TSC1,Chrysemys picta,22,31,19,58.5,58.8,69,55,35,37,4,0,3,2,1,0,1,0,2,0,0,0,0,1,1,0,2,0,0,0,4,1,1,2,NoAmp,TRUE,NoAmp,TRUE
TSC1,Clemmys guttata,22,31,19,58.5,58.8,69,55,35,37,8,0.25,3,2,1,1,4,0,2,0,0,0,1,0,1,0,3,1,0,0,6,2,1,3,NoAmp,TRUE,NoAmp,TRUE
TSC1,Deirochelys reticularia,22,31,19,58.5,58.8,69,55,35,37,6,0.333333333,2,2,2,0,1,0,3,0,0,0,0,1,0,0,2,1,0,0,4,1,1,2,NoAmp,TRUE,NoAmp,TRUE
TSC1,Emydoidea blandingii,22,31,19,58.5,58.8,69,55,35,37,6,0.333333333,2,2,1,0,4,0,1,0,0,0,1,0,1,0,1,1,0,0,4,0,2,2,NoAmp,TRUE,NoAmp,TRUE
TSC1,Glyptemys insculpta,22,31,19,58.5,58.8,69,55,35,37,6,0.333333333,3,2,1,0,3,0,2,0,0,0,1,0,0,0,3,1,0,0,5,2,1,2,NoAmp,TRUE,NoAmp,TRUE
TSC1,Graptemys barbouri,22,31,19,58.5,58.8,69,55,35,37,4,0.5,2,2,0,0,2,0,2,0,0,0,0,1,0,0,2,0,0,0,3,1,1,1,Amp,TRUE,NoAmp,TRUE
TSC1,Graptemys ernsti,22,31,19,58.5,58.8,69,55,35,37,3,0.333333333,2,2,0,0,1,0,2,0,0,0,0,1,0,0,2,0,0,0,3,1,1,1,Amp,TRUE,Amp,TRUE
TSC1,Graptemys geographica,22,31,19,58.5,58.8,69,55,35,37,1,1,0,0,0,0,0,0,1,0,0,0,0,1,0,0,2,0,0,0,3,1,1,1,Amp,TRUE,Amp,TRUE
TSC1,Graptemys nigrinoda,22,31,19,58.5,58.8,69,55,35,37,2,0,1,1,0,0,0,0,2,0,0,0,0,1,0,0,2,0,0,0,3,1,1,1,Amp,TRUE,Amp,TRUE
TSC1,Graptemys pulchra,22,31,19,58.5,58.8,69,55,35,37,2,0,2,2,0,0,1,0,1,0,0,0,0,1,0,0,2,0,0,0,3,1,1,1,Amp,TRUE,Amp,TRUE
TSC1,Pseudemys alabamensis,22,31,19,58.5,58.8,69,55,35,37,5,0.2,3,2,1,0,2,0,2,0,0,0,0,1,1,0,2,0,0,0,4,1,1,2,NoAmp,TRUE,NoAmp,TRUE
TSC1,Pseudemys suwanniensis,22,31,19,58.5,58.8,69,55,35,37,5,0.2,3,2,1,0,2,0,2,0,0,0,0,1,2,0,2,0,0,0,5,1,2,2,NoAmp,FALSE,NoAmp,TRUE
TSC1,Trachemys callirostris,22,31,19,58.5,58.8,69,55,35,37,2,0,1,1,0,0,1,0,0,0,1,0,0,1,0,0,2,0,0,0,3,1,1,1,Amp,TRUE,NoAmp,TRUE
TSC1,Trachemys dorbigni,22,31,19,58.5,58.8,69,55,35,37,2,1,1,1,0,0,1,0,1,0,0,0,0,1,0,0,3,0,0,0,4,2,1,1,Amp,TRUE,NoAmp,TRUE
TSC1,Trachemys scripta,22,31,19,58.5,58.8,69,55,35,37,0,0,0,0,0,0,0,0,0,0,0,0,0,0,0,0,0,0,0,0,0,0,0,0,Amp,TRUE,Amp,TRUE
TSC2,Actinemys marmorata,26,20,19,60,58.9,70,38,45,47,2,0,1,0,0,0,1,1,0,0,0,0,0,1,0,0,1,1,0,0,3,0,1,2,Amp,TRUE,NoAmp,TRUE
TSC2,Chrysemys picta,26,20,19,60,58.9,70,38,45,47,1,1,1,0,0,0,1,0,0,0,0,0,0,1,0,0,0,0,0,0,1,0,1,0,Amp,TRUE,Amp,TRUE
TSC2,Clemmys guttata,26,20,19,60,58.9,70,38,45,47,3,0.333333333,0,0,1,0,1,0,1,0,0,0,0,1,2,0,1,0,0,0,4,1,1,2,Amp,TRUE,NoAmp,TRUE
TSC2,Deirochelys reticularia,26,20,19,60,58.9,70,38,45,47,4,0.5,0,0,0,0,1,2,1,0,0,0,0,0,1,0,1,0,0,0,2,0,0,2,Amp,TRUE,NoAmp,TRUE
TSC2,Emydoidea blandingii,26,20,19,60,58.9,70,38,45,47,2,0,0,0,0,0,1,0,1,0,0,0,1,1,0,0,1,1,0,0,4,0,1,3,Amp,TRUE,NoAmp,TRUE
TSC2,Glyptemys insculpta,26,20,19,60,58.9,70,38,45,47,1,1,0,0,0,0,0,0,1,0,0,0,0,2,0,0,1,0,0,0,3,0,1,2,Amp,TRUE,Amp,TRUE
TSC2,Graptemys barbouri,26,20,19,60,58.9,70,38,45,47,1,1,0,0,0,0,1,0,0,0,0,0,0,0,1,0,0,0,0,0,1,1,0,0,Amp,TRUE,Amp,TRUE
TSC2,Graptemys geographica,26,20,19,60,58.9,70,38,45,47,2,0,0,0,0,0,1,0,1,0,0,0,0,0,1,0,0,0,0,0,1,1,0,0,Amp,TRUE,Amp,TRUE
TSC2,Graptemys pulchra,26,20,19,60,58.9,70,38,45,47,1,1,0,0,0,0,1,0,0,0,0,0,0,0,2,0,0,0,0,0,2,2,0,0,Amp,FALSE,Amp,TRUE
TSC2,Malaclemys terrapin,26,20,19,60,58.9,70,38,45,47,1,1,0,0,0,0,1,0,0,0,0,0,0,0,0,0,0,1,0,0,1,1,0,0,Amp,TRUE,Amp,TRUE
TSC2,Pseudemys alabamensis,26,20,19,60,58.9,70,38,45,47,3,0.333333333,0,0,0,0,0,0,3,0,0,0,0,1,0,0,0,0,0,0,1,0,1,0,Amp,TRUE,Amp,TRUE
TSC2,Trachemys dorbigni,26,20,19,60,58.9,70,38,45,47,2,0,0,0,0,1,1,0,0,0,0,0,0,0,0,0,0,0,0,0,0,0,0,0,Amp,TRUE,Amp,TRUE
TSC2,Trachemys scripta,26,20,19,60,58.9,70,38,45,47,0,0,0,0,0,0,0,0,0,0,0,0,0,0,0,0,0,0,0,0,0,0,0,0,Amp,TRUE,Amp,TRUE
TSC3,Actinemys marmorata,25,21,21,59.1,59.3,70,40,48,33,3,0.333333333,1,1,0,0,2,0,0,1,0,0,0,0,1,1,2,0,0,0,4,1,1,2,Amp,TRUE,NoAmp,TRUE
TSC3,Chrysemys picta,25,21,21,59.1,59.3,70,40,48,33,1,1,0,0,0,0,1,0,0,0,0,0,0,0,0,1,2,1,0,0,4,1,2,1,Amp,TRUE,NoAmp,TRUE
TSC3,Clemmys guttata,25,21,21,59.1,59.3,70,40,48,33,6,0.333333333,2,1,0,0,4,0,1,0,0,1,0,0,0,1,3,0,0,0,4,1,2,1,NoAmp,TRUE,NoAmp,TRUE
TSC3,Deirochelys reticularia,25,21,21,59.1,59.3,70,40,48,33,4,0,2,1,1,0,2,0,1,0,0,0,0,0,1,1,2,0,0,0,4,1,2,1,NoAmp,TRUE,NoAmp,TRUE
TSC3,Emydoidea blandingii,25,21,21,59.1,59.3,70,40,48,33,4,0.5,1,1,0,0,3,0,0,0,0,1,0,0,0,1,1,0,0,0,2,1,0,1,Amp,TRUE,Amp,TRUE
TSC3,Glyptemys insculpta,25,21,21,59.1,59.3,70,40,48,33,3,1,1,0,0,0,2,0,0,0,0,1,0,0,0,2,2,0,0,0,4,1,2,1,Amp,TRUE,NoAmp,TRUE
TSC3,Graptemys barbouri,25,21,21,59.1,59.3,70,40,48,33,2,0,1,1,0,0,2,0,0,0,0,0,0,0,0,0,2,0,0,0,2,1,1,0,Amp,TRUE,Amp,TRUE
TSC3,Graptemys ernsti,25,21,21,59.1,59.3,70,40,48,33,1,1,0,0,0,0,1,0,0,0,0,0,0,0,0,0,2,0,0,0,2,1,1,0,Amp,FALSE,Amp,TRUE
TSC3,Graptemys gibbonsi,25,21,21,59.1,59.3,70,40,48,33,1,1,0,0,0,0,1,0,0,0,0,0,0,0,1,0,2,0,0,0,3,1,2,0,Amp,FALSE,Amp,TRUE
TSC3,Graptemys nigrinoda,25,21,21,59.1,59.3,70,40,48,33,1,1,0,0,0,0,1,0,0,0,0,0,0,0,0,0,1,0,0,0,1,0,1,0,Amp,FALSE,Amp,TRUE
TSC3,Malaclemys terrapin,25,21,21,59.1,59.3,70,40,48,33,1,1,1,0,0,0,1,0,0,0,0,0,0,0,0,0,1,0,0,0,1,0,1,0,Amp,TRUE,Amp,TRUE
TSC3,Pseudemys alabamensis,25,21,21,59.1,59.3,70,40,48,33,1,1,1,1,0,0,1,0,0,0,0,0,0,0,0,1,1,0,0,0,2,1,1,0,Amp,TRUE,Amp,TRUE
TSC3,Pseudemys suwanniensis,25,21,21,59.1,59.3,70,40,48,33,2,0,2,1,0,1,1,0,0,0,0,0,0,0,0,1,1,0,0,0,2,1,1,0,Amp,TRUE,Amp,TRUE
TSC3,Trachemys callirostris,25,21,21,59.1,59.3,70,40,48,33,2,0,1,0,0,0,1,0,1,0,0,0,0,0,0,0,1,0,0,0,1,0,1,0,Amp,TRUE,Amp,TRUE
TSC3,Trachemys dorbigni,25,21,21,59.1,59.3,70,40,48,33,1,1,0,0,0,0,1,0,0,0,0,0,0,0,0,0,2,0,0,0,2,0,2,0,Amp,FALSE,Amp,TRUE
TSC3,Trachemys scripta,25,21,21,59.1,59.3,70,40,48,33,0,0,0,0,0,0,0,0,0,0,0,0,0,0,0,0,0,0,0,0,0,0,0,0,Amp,TRUE,Amp,TRUE
TSC4,Actinemys marmorata,26,26,20,59.8,59.5,70,42,42,45,9,0.111111111,4,2,0,1,3,0,2,3,0,0,0,0,2,0,1,1,0,0,4,1,1,2,NoAmp,TRUE,NoAmp,TRUE
TSC4,Chrysemys picta,26,26,20,59.8,59.5,70,42,42,45,6,0.333333333,0,0,0,0,5,0,1,0,0,0,0,0,0,0,1,0,0,0,1,1,0,0,NoAmp,TRUE,NoAmp,TRUE
TSC4,Clemmys guttata,26,26,20,59.8,59.5,70,42,42,45,9,0.111111111,2,1,0,1,2,0,3,3,0,0,0,0,3,0,1,0,0,0,4,1,2,1,NoAmp,TRUE,NoAmp,TRUE
TSC4,Deirochelys reticularia,26,26,20,59.8,59.5,70,42,42,45,9,0.111111111,1,1,0,0,7,0,1,1,0,0,0,0,1,0,1,1,0,0,3,1,1,1,NoAmp,TRUE,NoAmp,TRUE
TSC4,Emydoidea blandingii,26,26,20,59.8,59.5,70,42,42,45,11,0.090909091,4,2,0,1,3,0,4,3,0,0,0,0,3,0,1,0,0,0,4,1,1,2,NoAmp,TRUE,NoAmp,TRUE
TSC4,Glyptemys insculpta,26,26,20,59.8,59.5,70,42,42,45,8,0,3,2,0,1,3,0,1,3,0,0,0,0,2,0,1,0,0,0,3,1,1,1,NoAmp,TRUE,NoAmp,TRUE
TSC4,Graptemys barbouri,26,26,20,59.8,59.5,70,42,42,45,3,0.333333333,1,1,0,0,1,0,2,0,0,0,0,0,1,0,1,0,0,0,2,1,1,0,Amp,TRUE,Amp,TRUE
TSC4,Graptemys geographica,26,26,20,59.8,59.5,70,42,42,45,4,0.5,0,0,0,0,2,0,2,0,0,0,0,0,2,0,1,0,0,0,3,1,2,0,Amp,TRUE,Amp,TRUE
TSC4,Malaclemys terrapin,26,26,20,59.8,59.5,70,42,42,45,3,1,0,0,0,0,1,0,2,0,0,0,0,0,2,0,1,0,0,0,3,1,1,1,Amp,TRUE,Amp,TRUE
TSC4,Pseudemys alabamensis,26,26,20,59.8,59.5,70,42,42,45,10,0,1,1,0,0,7,0,2,1,0,0,0,0,3,0,1,0,0,0,4,2,1,1,NoAmp,TRUE,NoAmp,TRUE
TSC4,Trachemys callirostris,26,26,20,59.8,59.5,70,42,42,45,4,0.5,0,0,0,0,2,0,2,0,0,0,0,0,1,0,1,0,0,0,2,1,1,0,Amp,TRUE,Amp,TRUE
TSC4,Trachemys dorbigni,26,26,20,59.8,59.5,70,42,42,45,4,0.5,1,1,0,0,2,0,1,1,0,0,0,0,0,0,1,0,0,0,1,1,0,0,Amp,TRUE,NoAmp,TRUE
TSC4,Trachemys gaigeae,26,26,20,59.8,59.5,70,42,42,45,1,1,0,0,0,0,0,0,1,0,0,0,0,0,1,0,1,0,0,0,2,1,1,0,Amp,TRUE,Amp,TRUE
TSC4,Trachemys scripta,26,26,20,59.8,59.5,70,42,42,45,0,0,0,0,0,0,0,0,0,0,0,0,0,0,0,0,0,0,0,0,0,0,0,0,Amp,TRUE,Amp,TRUE
